impl,array_size,num_process,seconds
MPI_Bcast,1024,1,1e-06
custom_bcast,1024,1,1e-06
MPI_Bcast,1024,1,1e-06
custom_bcast,1024,1,1e-06
MPI_Bcast,1024,1,1e-06
custom_bcast,1024,1,1e-06
MPI_Bcast,1024,1,1e-06
custom_bcast,1024,1,1e-06
MPI_Bcast,1024,1,1e-06
custom_bcast,1024,1,1e-06
MPI_Bcast,1024,1,1e-06
custom_bcast,1024,1,1e-06
MPI_Bcast,1024,1,1e-06
custom_bcast,1024,1,1e-06
MPI_Bcast,1024,1,1e-06
custom_bcast,1024,1,1e-06
MPI_Bcast,1024,1,1e-06
custom_bcast,1024,1,1e-06
MPI_Bcast,1024,1,1e-06
custom_bcast,1024,1,1e-06
MPI_Bcast,1024,1,1e-06
custom_bcast,1024,1,1e-06
MPI_Bcast,1024,1,1e-06
custom_bcast,1024,1,1e-06
MPI_Bcast,1024,1,1e-06
custom_bcast,1024,1,1e-06
MPI_Bcast,1024,1,1e-06
custom_bcast,1024,1,1e-06
MPI_Bcast,1024,1,1e-06
custom_bcast,1024,1,1e-06
MPI_Bcast,1024,1,1e-06
custom_bcast,1024,1,1e-06
MPI_Bcast,1024,1,1e-06
custom_bcast,1024,1,1e-06
MPI_Bcast,1024,1,1e-06
custom_bcast,1024,1,6e-06
MPI_Bcast,1024,1,1e-06
custom_bcast,1024,1,1e-06
MPI_Bcast,1024,1,1e-06
custom_bcast,1024,1,1e-06
MPI_Bcast,1024,1,1e-06
custom_bcast,1024,1,1e-06
MPI_Bcast,1024,1,1e-06
custom_bcast,1024,1,1e-06
MPI_Bcast,1024,1,1e-06
custom_bcast,1024,1,1e-06
MPI_Bcast,1024,1,1e-06
custom_bcast,1024,1,1e-06
MPI_Bcast,1024,1,1e-06
custom_bcast,1024,1,1e-06
MPI_Bcast,1024,1,1e-06
custom_bcast,1024,1,1e-06
MPI_Bcast,1024,1,1e-06
custom_bcast,1024,1,1e-06
MPI_Bcast,1024,1,1e-06
custom_bcast,1024,1,1e-06
MPI_Bcast,1024,1,1e-06
custom_bcast,1024,1,1e-06
MPI_Bcast,1024,1,1e-06
custom_bcast,1024,1,1e-06
MPI_Bcast,1024,2,7.1e-05
custom_bcast,1024,2,6.1e-05
MPI_Bcast,1024,2,7.2e-05
custom_bcast,1024,2,3.9e-05
MPI_Bcast,1024,2,6.2e-05
custom_bcast,1024,2,5.2e-05
MPI_Bcast,1024,2,5.8e-05
custom_bcast,1024,2,4e-05
MPI_Bcast,1024,2,5.7e-05
custom_bcast,1024,2,5.7e-05
MPI_Bcast,1024,2,4.5e-05
custom_bcast,1024,2,4.7e-05
MPI_Bcast,1024,2,6.6e-05
custom_bcast,1024,2,5.7e-05
MPI_Bcast,1024,2,5.6e-05
custom_bcast,1024,2,3.9e-05
MPI_Bcast,1024,2,4.5e-05
custom_bcast,1024,2,4.7e-05
MPI_Bcast,1024,2,5e-05
custom_bcast,1024,2,5.2e-05
MPI_Bcast,1024,2,5e-05
custom_bcast,1024,2,7.3e-05
MPI_Bcast,1024,2,5.6e-05
custom_bcast,1024,2,4.7e-05
MPI_Bcast,1024,2,5.5e-05
custom_bcast,1024,2,4.7e-05
MPI_Bcast,1024,2,5.2e-05
custom_bcast,1024,2,6.3e-05
MPI_Bcast,1024,2,4.6e-05
custom_bcast,1024,2,3.9e-05
MPI_Bcast,1024,2,5.4e-05
custom_bcast,1024,2,4.8e-05
MPI_Bcast,1024,2,4.8e-05
custom_bcast,1024,2,4.7e-05
MPI_Bcast,1024,2,4.6e-05
custom_bcast,1024,2,4.8e-05
MPI_Bcast,1024,2,5.8e-05
custom_bcast,1024,2,4.2e-05
MPI_Bcast,1024,2,5.3e-05
custom_bcast,1024,2,4.5e-05
MPI_Bcast,1024,2,5.8e-05
custom_bcast,1024,2,4.6e-05
MPI_Bcast,1024,2,4.9e-05
custom_bcast,1024,2,5.2e-05
MPI_Bcast,1024,2,5.2e-05
custom_bcast,1024,2,4e-05
MPI_Bcast,1024,2,4.5e-05
custom_bcast,1024,2,5.6e-05
MPI_Bcast,1024,2,4.7e-05
custom_bcast,1024,2,4.4e-05
MPI_Bcast,1024,2,4.9e-05
custom_bcast,1024,2,4.4e-05
MPI_Bcast,1024,2,5.3e-05
custom_bcast,1024,2,4.1e-05
MPI_Bcast,1024,2,5e-05
custom_bcast,1024,2,4.1e-05
MPI_Bcast,1024,2,5e-05
custom_bcast,1024,2,5e-05
MPI_Bcast,1024,2,4.9e-05
custom_bcast,1024,2,4.8e-05
MPI_Bcast,1024,4,0.000116
custom_bcast,1024,4,0.00012
MPI_Bcast,1024,4,0.000101
custom_bcast,1024,4,0.00011
MPI_Bcast,1024,4,0.000112
custom_bcast,1024,4,0.000124
MPI_Bcast,1024,4,0.000118
custom_bcast,1024,4,0.000133
MPI_Bcast,1024,4,0.000108
custom_bcast,1024,4,0.000151
MPI_Bcast,1024,4,0.000116
custom_bcast,1024,4,0.0001
MPI_Bcast,1024,4,0.000124
custom_bcast,1024,4,0.000101
MPI_Bcast,1024,4,0.000115
custom_bcast,1024,4,0.000133
MPI_Bcast,1024,4,0.000145
custom_bcast,1024,4,9.6e-05
MPI_Bcast,1024,4,0.000138
custom_bcast,1024,4,0.000156
MPI_Bcast,1024,4,0.000202
custom_bcast,1024,4,0.000114
MPI_Bcast,1024,4,0.000166
custom_bcast,1024,4,0.000127
MPI_Bcast,1024,4,0.00011
custom_bcast,1024,4,0.000134
MPI_Bcast,1024,4,0.000148
custom_bcast,1024,4,0.000187
MPI_Bcast,1024,4,0.002752
custom_bcast,1024,4,0.000242
MPI_Bcast,1024,4,0.000126
custom_bcast,1024,4,0.000108
MPI_Bcast,1024,4,0.000108
custom_bcast,1024,4,0.000106
MPI_Bcast,1024,4,0.000132
custom_bcast,1024,4,0.000159
MPI_Bcast,1024,4,0.00011
custom_bcast,1024,4,0.00011
MPI_Bcast,1024,4,0.000107
custom_bcast,1024,4,0.000126
MPI_Bcast,1024,4,0.000142
custom_bcast,1024,4,0.000117
MPI_Bcast,1024,4,0.00013
custom_bcast,1024,4,0.000117
MPI_Bcast,1024,4,0.000129
custom_bcast,1024,4,0.000121
MPI_Bcast,1024,4,0.000102
custom_bcast,1024,4,0.000163
MPI_Bcast,1024,4,0.000123
custom_bcast,1024,4,0.000993
MPI_Bcast,1024,4,0.000114
custom_bcast,1024,4,0.00014
MPI_Bcast,1024,4,9.8e-05
custom_bcast,1024,4,0.000126
MPI_Bcast,1024,4,0.000147
custom_bcast,1024,4,0.000107
MPI_Bcast,1024,4,0.000139
custom_bcast,1024,4,0.000105
MPI_Bcast,1024,4,0.000112
custom_bcast,1024,4,0.000183
MPI_Bcast,1024,8,0.004365
custom_bcast,1024,8,0.00061
MPI_Bcast,1024,8,0.00585
custom_bcast,1024,8,0.008873
MPI_Bcast,1024,8,0.002232
custom_bcast,1024,8,0.000467
MPI_Bcast,1024,8,0.000571
custom_bcast,1024,8,0.001208
MPI_Bcast,1024,8,0.000216
custom_bcast,1024,8,0.007743
MPI_Bcast,1024,8,0.005045
custom_bcast,1024,8,0.000512
MPI_Bcast,1024,8,0.000552
custom_bcast,1024,8,0.000922
MPI_Bcast,1024,8,0.000314
custom_bcast,1024,8,0.001006
MPI_Bcast,1024,8,0.004399
custom_bcast,1024,8,0.002395
MPI_Bcast,1024,8,0.000989
custom_bcast,1024,8,0.000816
MPI_Bcast,1024,8,0.000353
custom_bcast,1024,8,0.000508
MPI_Bcast,1024,8,0.00078
custom_bcast,1024,8,0.000446
MPI_Bcast,1024,8,0.000541
custom_bcast,1024,8,0.000558
MPI_Bcast,1024,8,0.001113
custom_bcast,1024,8,0.000746
MPI_Bcast,1024,8,0.000639
custom_bcast,1024,8,0.000634
MPI_Bcast,1024,8,0.000285
custom_bcast,1024,8,0.000382
MPI_Bcast,1024,8,0.014266
custom_bcast,1024,8,0.001044
MPI_Bcast,1024,8,0.003673
custom_bcast,1024,8,0.000846
MPI_Bcast,1024,8,0.000622
custom_bcast,1024,8,0.000839
MPI_Bcast,1024,8,0.000619
custom_bcast,1024,8,0.000677
MPI_Bcast,1024,8,0.000636
custom_bcast,1024,8,0.002166
MPI_Bcast,1024,8,0.000827
custom_bcast,1024,8,0.000429
MPI_Bcast,1024,8,0.000267
custom_bcast,1024,8,0.001569
MPI_Bcast,1024,8,0.000455
custom_bcast,1024,8,0.001959
MPI_Bcast,1024,8,0.000841
custom_bcast,1024,8,0.000823
MPI_Bcast,1024,8,0.000705
custom_bcast,1024,8,0.003732
MPI_Bcast,1024,8,0.000264
custom_bcast,1024,8,0.00064
MPI_Bcast,1024,8,0.000555
custom_bcast,1024,8,0.001098
MPI_Bcast,1024,8,0.001194
custom_bcast,1024,8,0.000694
MPI_Bcast,1024,8,0.001236
custom_bcast,1024,8,0.001973
MPI_Bcast,1024,16,0.000784
custom_bcast,1024,16,0.015527
MPI_Bcast,1024,16,0.000721
custom_bcast,1024,16,0.020979
MPI_Bcast,1024,16,0.002686
custom_bcast,1024,16,0.007432
MPI_Bcast,1024,16,0.00117
custom_bcast,1024,16,0.001881
MPI_Bcast,1024,16,0.000861
custom_bcast,1024,16,0.004556
MPI_Bcast,1024,16,0.003153
custom_bcast,1024,16,0.006927
MPI_Bcast,1024,16,0.000799
custom_bcast,1024,16,0.002279
MPI_Bcast,1024,16,0.002777
custom_bcast,1024,16,0.002016
MPI_Bcast,1024,16,0.001067
custom_bcast,1024,16,0.001692
MPI_Bcast,1024,16,0.001562
custom_bcast,1024,16,0.011646
MPI_Bcast,1024,16,0.00122
custom_bcast,1024,16,0.002719
MPI_Bcast,1024,16,0.000545
custom_bcast,1024,16,0.005092
MPI_Bcast,1024,16,0.007007
custom_bcast,1024,16,0.003367
MPI_Bcast,1024,16,0.00109
custom_bcast,1024,16,0.005746
MPI_Bcast,1024,16,0.001631
custom_bcast,1024,16,0.004423
MPI_Bcast,1024,16,0.001885
custom_bcast,1024,16,0.002409
MPI_Bcast,1024,16,0.002333
custom_bcast,1024,16,0.003678
MPI_Bcast,1024,16,0.000471
custom_bcast,1024,16,0.002623
MPI_Bcast,1024,16,0.002519
custom_bcast,1024,16,0.002226
MPI_Bcast,1024,16,0.017915
custom_bcast,1024,16,0.001881
MPI_Bcast,1024,16,0.001015
custom_bcast,1024,16,0.002801
MPI_Bcast,1024,16,0.0006
custom_bcast,1024,16,0.009055
MPI_Bcast,1024,16,0.001467
custom_bcast,1024,16,0.018694
MPI_Bcast,1024,16,0.021338
custom_bcast,1024,16,0.002556
MPI_Bcast,1024,16,0.000875
custom_bcast,1024,16,0.002806
MPI_Bcast,1024,16,0.002437
custom_bcast,1024,16,0.001704
MPI_Bcast,1024,16,0.000795
custom_bcast,1024,16,0.001676
MPI_Bcast,1024,16,0.029463
custom_bcast,1024,16,0.005759
MPI_Bcast,1024,16,0.000956
custom_bcast,1024,16,0.00223
MPI_Bcast,1024,16,0.000694
custom_bcast,1024,16,0.009939
MPI_Bcast,1024,32,0.004102
custom_bcast,1024,32,0.01145
MPI_Bcast,1024,32,0.004814
custom_bcast,1024,32,0.008025
MPI_Bcast,1024,32,0.016266
custom_bcast,1024,32,0.009914
MPI_Bcast,1024,32,0.008813
custom_bcast,1024,32,0.008787
MPI_Bcast,1024,32,0.003533
custom_bcast,1024,32,0.010892
MPI_Bcast,1024,32,0.004538
custom_bcast,1024,32,0.01063
MPI_Bcast,1024,32,0.003474
custom_bcast,1024,32,0.007808
MPI_Bcast,1024,32,0.005356
custom_bcast,1024,32,0.006971
MPI_Bcast,1024,32,0.010186
custom_bcast,1024,32,0.007356
MPI_Bcast,1024,32,0.002627
custom_bcast,1024,32,0.035635
MPI_Bcast,1024,32,0.005486
custom_bcast,1024,32,0.012311
MPI_Bcast,1024,32,0.008123
custom_bcast,1024,32,0.007502
MPI_Bcast,1024,32,0.004852
custom_bcast,1024,32,0.016965
MPI_Bcast,1024,32,0.005441
custom_bcast,1024,32,0.005951
MPI_Bcast,1024,32,0.011035
custom_bcast,1024,32,0.011745
MPI_Bcast,1024,32,0.004138
custom_bcast,1024,32,0.007504
MPI_Bcast,1024,32,0.004443
custom_bcast,1024,32,0.008698
MPI_Bcast,1024,32,0.004409
custom_bcast,1024,32,0.008384
MPI_Bcast,1024,32,0.003303
custom_bcast,1024,32,0.006401
MPI_Bcast,1024,32,0.008546
custom_bcast,1024,32,0.010525
MPI_Bcast,1024,32,0.002737
custom_bcast,1024,32,0.011796
MPI_Bcast,1024,32,0.008107
custom_bcast,1024,32,0.007564
MPI_Bcast,1024,32,0.004326
custom_bcast,1024,32,0.011215
MPI_Bcast,1024,32,0.004602
custom_bcast,1024,32,0.008793
MPI_Bcast,1024,32,0.00549
custom_bcast,1024,32,0.008815
MPI_Bcast,1024,32,0.005943
custom_bcast,1024,32,0.004506
MPI_Bcast,1024,32,0.003357
custom_bcast,1024,32,0.009473
MPI_Bcast,1024,32,0.003303
custom_bcast,1024,32,0.02984
MPI_Bcast,1024,32,0.003791
custom_bcast,1024,32,0.009786
MPI_Bcast,1024,32,0.005912
custom_bcast,1024,32,0.032096
MPI_Bcast,2048,1,1e-06
custom_bcast,2048,1,1e-06
MPI_Bcast,2048,1,1e-06
custom_bcast,2048,1,1e-06
MPI_Bcast,2048,1,1e-06
custom_bcast,2048,1,3e-06
MPI_Bcast,2048,1,1e-06
custom_bcast,2048,1,1e-06
MPI_Bcast,2048,1,1e-06
custom_bcast,2048,1,1e-06
MPI_Bcast,2048,1,1e-06
custom_bcast,2048,1,1e-06
MPI_Bcast,2048,1,1e-06
custom_bcast,2048,1,1e-06
MPI_Bcast,2048,1,1e-06
custom_bcast,2048,1,1e-06
MPI_Bcast,2048,1,1e-06
custom_bcast,2048,1,1e-06
MPI_Bcast,2048,1,1e-06
custom_bcast,2048,1,1e-06
MPI_Bcast,2048,1,1e-06
custom_bcast,2048,1,1e-06
MPI_Bcast,2048,1,1e-06
custom_bcast,2048,1,1e-06
MPI_Bcast,2048,1,1e-06
custom_bcast,2048,1,1e-05
MPI_Bcast,2048,1,1e-06
custom_bcast,2048,1,1e-06
MPI_Bcast,2048,1,1e-06
custom_bcast,2048,1,1e-06
MPI_Bcast,2048,1,1e-06
custom_bcast,2048,1,1e-06
MPI_Bcast,2048,1,1e-06
custom_bcast,2048,1,1e-06
MPI_Bcast,2048,1,1e-06
custom_bcast,2048,1,1e-06
MPI_Bcast,2048,1,1e-06
custom_bcast,2048,1,1e-06
MPI_Bcast,2048,1,1e-06
custom_bcast,2048,1,7e-06
MPI_Bcast,2048,1,1e-06
custom_bcast,2048,1,1e-06
MPI_Bcast,2048,1,1e-06
custom_bcast,2048,1,1e-06
MPI_Bcast,2048,1,1e-06
custom_bcast,2048,1,1e-06
MPI_Bcast,2048,1,1e-06
custom_bcast,2048,1,1e-06
MPI_Bcast,2048,1,1e-06
custom_bcast,2048,1,7e-06
MPI_Bcast,2048,1,1e-06
custom_bcast,2048,1,1e-06
MPI_Bcast,2048,1,1e-06
custom_bcast,2048,1,1e-06
MPI_Bcast,2048,1,1e-06
custom_bcast,2048,1,1e-06
MPI_Bcast,2048,1,1e-06
custom_bcast,2048,1,1e-06
MPI_Bcast,2048,1,1e-06
custom_bcast,2048,1,1e-06
MPI_Bcast,2048,2,4.6e-05
custom_bcast,2048,2,5e-05
MPI_Bcast,2048,2,6.2e-05
custom_bcast,2048,2,4.5e-05
MPI_Bcast,2048,2,5.9e-05
custom_bcast,2048,2,4.9e-05
MPI_Bcast,2048,2,6e-05
custom_bcast,2048,2,5.2e-05
MPI_Bcast,2048,2,4.8e-05
custom_bcast,2048,2,6.1e-05
MPI_Bcast,2048,2,5.5e-05
custom_bcast,2048,2,4.8e-05
MPI_Bcast,2048,2,5e-05
custom_bcast,2048,2,4.4e-05
MPI_Bcast,2048,2,5.4e-05
custom_bcast,2048,2,7.4e-05
MPI_Bcast,2048,2,6.2e-05
custom_bcast,2048,2,4.8e-05
MPI_Bcast,2048,2,6e-05
custom_bcast,2048,2,4.9e-05
MPI_Bcast,2048,2,4.7e-05
custom_bcast,2048,2,5.4e-05
MPI_Bcast,2048,2,6.8e-05
custom_bcast,2048,2,4.8e-05
MPI_Bcast,2048,2,4.7e-05
custom_bcast,2048,2,4.9e-05
MPI_Bcast,2048,2,0.000201
custom_bcast,2048,2,5e-05
MPI_Bcast,2048,2,5.4e-05
custom_bcast,2048,2,5.2e-05
MPI_Bcast,2048,2,5.4e-05
custom_bcast,2048,2,4.8e-05
MPI_Bcast,2048,2,5.3e-05
custom_bcast,2048,2,4.9e-05
MPI_Bcast,2048,2,4.6e-05
custom_bcast,2048,2,6e-05
MPI_Bcast,2048,2,4.9e-05
custom_bcast,2048,2,6.6e-05
MPI_Bcast,2048,2,6.7e-05
custom_bcast,2048,2,5.9e-05
MPI_Bcast,2048,2,4.9e-05
custom_bcast,2048,2,5.3e-05
MPI_Bcast,2048,2,5.6e-05
custom_bcast,2048,2,6.1e-05
MPI_Bcast,2048,2,5e-05
custom_bcast,2048,2,5.4e-05
MPI_Bcast,2048,2,5.7e-05
custom_bcast,2048,2,4.8e-05
MPI_Bcast,2048,2,6.2e-05
custom_bcast,2048,2,5.2e-05
MPI_Bcast,2048,2,5.1e-05
custom_bcast,2048,2,6.7e-05
MPI_Bcast,2048,2,7e-05
custom_bcast,2048,2,4.9e-05
MPI_Bcast,2048,2,4.7e-05
custom_bcast,2048,2,5e-05
MPI_Bcast,2048,2,8.3e-05
custom_bcast,2048,2,6.7e-05
MPI_Bcast,2048,2,5.4e-05
custom_bcast,2048,2,5.1e-05
MPI_Bcast,2048,4,8.7e-05
custom_bcast,2048,4,0.000147
MPI_Bcast,2048,4,9.8e-05
custom_bcast,2048,4,0.000136
MPI_Bcast,2048,4,8.4e-05
custom_bcast,2048,4,0.000235
MPI_Bcast,2048,4,8.1e-05
custom_bcast,2048,4,0.00153
MPI_Bcast,2048,4,0.003516
custom_bcast,2048,4,0.000138
MPI_Bcast,2048,4,9.4e-05
custom_bcast,2048,4,0.000128
MPI_Bcast,2048,4,9.1e-05
custom_bcast,2048,4,0.000136
MPI_Bcast,2048,4,0.000142
custom_bcast,2048,4,0.000145
MPI_Bcast,2048,4,0.000106
custom_bcast,2048,4,0.000142
MPI_Bcast,2048,4,8.6e-05
custom_bcast,2048,4,0.000163
MPI_Bcast,2048,4,8.2e-05
custom_bcast,2048,4,0.000154
MPI_Bcast,2048,4,8.6e-05
custom_bcast,2048,4,0.000183
MPI_Bcast,2048,4,0.00013
custom_bcast,2048,4,0.000121
MPI_Bcast,2048,4,7.7e-05
custom_bcast,2048,4,0.000116
MPI_Bcast,2048,4,0.000145
custom_bcast,2048,4,0.000117
MPI_Bcast,2048,4,9.6e-05
custom_bcast,2048,4,0.000136
MPI_Bcast,2048,4,8e-05
custom_bcast,2048,4,0.000133
MPI_Bcast,2048,4,0.000126
custom_bcast,2048,4,0.000208
MPI_Bcast,2048,4,9.5e-05
custom_bcast,2048,4,0.00013
MPI_Bcast,2048,4,0.000475
custom_bcast,2048,4,0.00014
MPI_Bcast,2048,4,9.3e-05
custom_bcast,2048,4,0.00016
MPI_Bcast,2048,4,7.9e-05
custom_bcast,2048,4,0.00012
MPI_Bcast,2048,4,8.6e-05
custom_bcast,2048,4,0.000125
MPI_Bcast,2048,4,8.1e-05
custom_bcast,2048,4,0.000145
MPI_Bcast,2048,4,0.000295
custom_bcast,2048,4,0.000126
MPI_Bcast,2048,4,0.000128
custom_bcast,2048,4,0.000125
MPI_Bcast,2048,4,8.8e-05
custom_bcast,2048,4,0.000149
MPI_Bcast,2048,4,8.1e-05
custom_bcast,2048,4,0.000153
MPI_Bcast,2048,4,8.7e-05
custom_bcast,2048,4,0.000142
MPI_Bcast,2048,4,8.3e-05
custom_bcast,2048,4,0.000146
MPI_Bcast,2048,8,0.00127
custom_bcast,2048,8,0.000857
MPI_Bcast,2048,8,0.000571
custom_bcast,2048,8,0.000896
MPI_Bcast,2048,8,0.000782
custom_bcast,2048,8,0.00035
MPI_Bcast,2048,8,0.001553
custom_bcast,2048,8,0.000614
MPI_Bcast,2048,8,0.000313
custom_bcast,2048,8,0.014545
MPI_Bcast,2048,8,0.001794
custom_bcast,2048,8,0.001119
MPI_Bcast,2048,8,0.000439
custom_bcast,2048,8,0.000476
MPI_Bcast,2048,8,0.000618
custom_bcast,2048,8,0.002054
MPI_Bcast,2048,8,0.000445
custom_bcast,2048,8,0.000814
MPI_Bcast,2048,8,0.000715
custom_bcast,2048,8,0.001075
MPI_Bcast,2048,8,0.000299
custom_bcast,2048,8,0.000544
MPI_Bcast,2048,8,0.001428
custom_bcast,2048,8,0.001261
MPI_Bcast,2048,8,0.001603
custom_bcast,2048,8,0.001061
MPI_Bcast,2048,8,0.012509
custom_bcast,2048,8,0.001065
MPI_Bcast,2048,8,0.000302
custom_bcast,2048,8,0.001034
MPI_Bcast,2048,8,0.00048
custom_bcast,2048,8,0.001153
MPI_Bcast,2048,8,0.001899
custom_bcast,2048,8,0.000693
MPI_Bcast,2048,8,0.001042
custom_bcast,2048,8,0.000757
MPI_Bcast,2048,8,0.000556
custom_bcast,2048,8,0.000967
MPI_Bcast,2048,8,0.000941
custom_bcast,2048,8,0.000448
MPI_Bcast,2048,8,0.001806
custom_bcast,2048,8,0.000699
MPI_Bcast,2048,8,0.000966
custom_bcast,2048,8,0.000924
MPI_Bcast,2048,8,0.012155
custom_bcast,2048,8,0.000651
MPI_Bcast,2048,8,0.001046
custom_bcast,2048,8,0.000985
MPI_Bcast,2048,8,0.001775
custom_bcast,2048,8,0.000775
MPI_Bcast,2048,8,0.000423
custom_bcast,2048,8,0.012906
MPI_Bcast,2048,8,0.000831
custom_bcast,2048,8,0.001703
MPI_Bcast,2048,8,0.0027
custom_bcast,2048,8,0.00272
MPI_Bcast,2048,8,0.000311
custom_bcast,2048,8,0.000531
MPI_Bcast,2048,8,0.001168
custom_bcast,2048,8,0.000334
MPI_Bcast,2048,16,0.001005
custom_bcast,2048,16,0.002208
MPI_Bcast,2048,16,0.002379
custom_bcast,2048,16,0.001682
MPI_Bcast,2048,16,0.001631
custom_bcast,2048,16,0.006052
MPI_Bcast,2048,16,0.001013
custom_bcast,2048,16,0.001997
MPI_Bcast,2048,16,0.001513
custom_bcast,2048,16,0.019123
MPI_Bcast,2048,16,0.003588
custom_bcast,2048,16,0.01132
MPI_Bcast,2048,16,0.006958
custom_bcast,2048,16,0.025864
MPI_Bcast,2048,16,0.001073
custom_bcast,2048,16,0.001764
MPI_Bcast,2048,16,0.000967
custom_bcast,2048,16,0.002195
MPI_Bcast,2048,16,0.001679
custom_bcast,2048,16,0.036905
MPI_Bcast,2048,16,0.014298
custom_bcast,2048,16,0.009278
MPI_Bcast,2048,16,0.001557
custom_bcast,2048,16,0.001401
MPI_Bcast,2048,16,0.002709
custom_bcast,2048,16,0.001783
MPI_Bcast,2048,16,0.002275
custom_bcast,2048,16,0.030902
MPI_Bcast,2048,16,0.000597
custom_bcast,2048,16,0.001631
MPI_Bcast,2048,16,0.004891
custom_bcast,2048,16,0.01996
MPI_Bcast,2048,16,0.012664
custom_bcast,2048,16,0.002858
MPI_Bcast,2048,16,0.000904
custom_bcast,2048,16,0.001953
MPI_Bcast,2048,16,0.00732
custom_bcast,2048,16,0.003713
MPI_Bcast,2048,16,0.0014
custom_bcast,2048,16,0.014245
MPI_Bcast,2048,16,0.003229
custom_bcast,2048,16,0.001743
MPI_Bcast,2048,16,0.013719
custom_bcast,2048,16,0.003255
MPI_Bcast,2048,16,0.00225
custom_bcast,2048,16,0.014245
MPI_Bcast,2048,16,0.000574
custom_bcast,2048,16,0.002428
MPI_Bcast,2048,16,0.012926
custom_bcast,2048,16,0.003852
MPI_Bcast,2048,16,0.01723
custom_bcast,2048,16,0.011384
MPI_Bcast,2048,16,0.001864
custom_bcast,2048,16,0.002706
MPI_Bcast,2048,16,0.004375
custom_bcast,2048,16,0.001704
MPI_Bcast,2048,16,0.012913
custom_bcast,2048,16,0.002467
MPI_Bcast,2048,16,0.002971
custom_bcast,2048,16,0.001826
MPI_Bcast,2048,32,0.007023
custom_bcast,2048,32,0.009507
MPI_Bcast,2048,32,0.025458
custom_bcast,2048,32,0.071401
MPI_Bcast,2048,32,0.035475
custom_bcast,2048,32,0.008189
MPI_Bcast,2048,32,0.006218
custom_bcast,2048,32,0.00644
MPI_Bcast,2048,32,0.021232
custom_bcast,2048,32,0.016538
MPI_Bcast,2048,32,0.003203
custom_bcast,2048,32,0.004478
MPI_Bcast,2048,32,0.010368
custom_bcast,2048,32,0.008241
MPI_Bcast,2048,32,0.005053
custom_bcast,2048,32,0.015809
MPI_Bcast,2048,32,0.009018
custom_bcast,2048,32,0.006849
MPI_Bcast,2048,32,0.013121
custom_bcast,2048,32,0.010348
MPI_Bcast,2048,32,0.003259
custom_bcast,2048,32,0.023665
MPI_Bcast,2048,32,0.003261
custom_bcast,2048,32,0.008931
MPI_Bcast,2048,32,0.017267
custom_bcast,2048,32,0.015835
MPI_Bcast,2048,32,0.002721
custom_bcast,2048,32,0.021158
MPI_Bcast,2048,32,0.005294
custom_bcast,2048,32,0.017039
MPI_Bcast,2048,32,0.00307
custom_bcast,2048,32,0.011149
MPI_Bcast,2048,32,0.014638
custom_bcast,2048,32,0.006115
MPI_Bcast,2048,32,0.004721
custom_bcast,2048,32,0.010183
MPI_Bcast,2048,32,0.004626
custom_bcast,2048,32,0.010427
MPI_Bcast,2048,32,0.006634
custom_bcast,2048,32,0.010429
MPI_Bcast,2048,32,0.002702
custom_bcast,2048,32,0.036176
MPI_Bcast,2048,32,0.006758
custom_bcast,2048,32,0.013833
MPI_Bcast,2048,32,0.002918
custom_bcast,2048,32,0.025455
MPI_Bcast,2048,32,0.005044
custom_bcast,2048,32,0.019518
MPI_Bcast,2048,32,0.001824
custom_bcast,2048,32,0.010282
MPI_Bcast,2048,32,0.007008
custom_bcast,2048,32,0.009241
MPI_Bcast,2048,32,0.004922
custom_bcast,2048,32,0.029157
MPI_Bcast,2048,32,0.004704
custom_bcast,2048,32,0.00992
MPI_Bcast,2048,32,0.02021
custom_bcast,2048,32,0.005737
MPI_Bcast,2048,32,0.005083
custom_bcast,2048,32,0.016741
MPI_Bcast,4096,1,1e-06
custom_bcast,4096,1,1e-06
MPI_Bcast,4096,1,1e-06
custom_bcast,4096,1,1e-06
MPI_Bcast,4096,1,1e-06
custom_bcast,4096,1,1e-06
MPI_Bcast,4096,1,1e-06
custom_bcast,4096,1,1e-06
MPI_Bcast,4096,1,1e-06
custom_bcast,4096,1,1e-06
MPI_Bcast,4096,1,1e-06
custom_bcast,4096,1,1e-06
MPI_Bcast,4096,1,1e-06
custom_bcast,4096,1,1e-06
MPI_Bcast,4096,1,1e-06
custom_bcast,4096,1,1e-06
MPI_Bcast,4096,1,1e-06
custom_bcast,4096,1,1e-06
MPI_Bcast,4096,1,1e-06
custom_bcast,4096,1,1e-06
MPI_Bcast,4096,1,1e-06
custom_bcast,4096,1,1e-06
MPI_Bcast,4096,1,1e-06
custom_bcast,4096,1,1e-06
MPI_Bcast,4096,1,1e-06
custom_bcast,4096,1,1e-06
MPI_Bcast,4096,1,1e-06
custom_bcast,4096,1,1e-06
MPI_Bcast,4096,1,1e-06
custom_bcast,4096,1,1e-06
MPI_Bcast,4096,1,1e-06
custom_bcast,4096,1,1e-06
MPI_Bcast,4096,1,1e-06
custom_bcast,4096,1,1e-06
MPI_Bcast,4096,1,1e-06
custom_bcast,4096,1,1e-06
MPI_Bcast,4096,1,1e-06
custom_bcast,4096,1,1e-06
MPI_Bcast,4096,1,1e-06
custom_bcast,4096,1,1e-06
MPI_Bcast,4096,1,1e-06
custom_bcast,4096,1,1e-06
MPI_Bcast,4096,1,1e-06
custom_bcast,4096,1,1e-06
MPI_Bcast,4096,1,1e-06
custom_bcast,4096,1,1e-06
MPI_Bcast,4096,1,1e-06
custom_bcast,4096,1,1e-06
MPI_Bcast,4096,1,1e-06
custom_bcast,4096,1,8e-06
MPI_Bcast,4096,1,1e-06
custom_bcast,4096,1,1e-06
MPI_Bcast,4096,1,1e-06
custom_bcast,4096,1,1e-06
MPI_Bcast,4096,1,1e-06
custom_bcast,4096,1,1e-06
MPI_Bcast,4096,1,1e-06
custom_bcast,4096,1,1e-06
MPI_Bcast,4096,1,1e-06
custom_bcast,4096,1,1e-06
MPI_Bcast,4096,2,6.4e-05
custom_bcast,4096,2,5.4e-05
MPI_Bcast,4096,2,5.6e-05
custom_bcast,4096,2,9.6e-05
MPI_Bcast,4096,2,8.3e-05
custom_bcast,4096,2,7e-05
MPI_Bcast,4096,2,7.9e-05
custom_bcast,4096,2,4.8e-05
MPI_Bcast,4096,2,9.3e-05
custom_bcast,4096,2,5.6e-05
MPI_Bcast,4096,2,5.3e-05
custom_bcast,4096,2,5.9e-05
MPI_Bcast,4096,2,7.6e-05
custom_bcast,4096,2,5.6e-05
MPI_Bcast,4096,2,7.1e-05
custom_bcast,4096,2,6.3e-05
MPI_Bcast,4096,2,5.7e-05
custom_bcast,4096,2,5.6e-05
MPI_Bcast,4096,2,7.8e-05
custom_bcast,4096,2,6.7e-05
MPI_Bcast,4096,2,6.1e-05
custom_bcast,4096,2,5.3e-05
MPI_Bcast,4096,2,6e-05
custom_bcast,4096,2,6.3e-05
MPI_Bcast,4096,2,5.7e-05
custom_bcast,4096,2,5.4e-05
MPI_Bcast,4096,2,6.1e-05
custom_bcast,4096,2,5.1e-05
MPI_Bcast,4096,2,6.6e-05
custom_bcast,4096,2,5.7e-05
MPI_Bcast,4096,2,7.5e-05
custom_bcast,4096,2,5.7e-05
MPI_Bcast,4096,2,6.3e-05
custom_bcast,4096,2,5.4e-05
MPI_Bcast,4096,2,6e-05
custom_bcast,4096,2,5.7e-05
MPI_Bcast,4096,2,5.9e-05
custom_bcast,4096,2,5.9e-05
MPI_Bcast,4096,2,5.9e-05
custom_bcast,4096,2,6.3e-05
MPI_Bcast,4096,2,6e-05
custom_bcast,4096,2,7.6e-05
MPI_Bcast,4096,2,5.5e-05
custom_bcast,4096,2,5.1e-05
MPI_Bcast,4096,2,5.3e-05
custom_bcast,4096,2,6.1e-05
MPI_Bcast,4096,2,9.1e-05
custom_bcast,4096,2,6.3e-05
MPI_Bcast,4096,2,5.3e-05
custom_bcast,4096,2,4.9e-05
MPI_Bcast,4096,2,5.5e-05
custom_bcast,4096,2,6.5e-05
MPI_Bcast,4096,2,7.3e-05
custom_bcast,4096,2,6.2e-05
MPI_Bcast,4096,2,5.8e-05
custom_bcast,4096,2,7.6e-05
MPI_Bcast,4096,2,7.2e-05
custom_bcast,4096,2,6.4e-05
MPI_Bcast,4096,2,5.9e-05
custom_bcast,4096,2,6.3e-05
MPI_Bcast,4096,4,0.000107
custom_bcast,4096,4,0.000162
MPI_Bcast,4096,4,0.000102
custom_bcast,4096,4,0.00016
MPI_Bcast,4096,4,0.000143
custom_bcast,4096,4,0.000164
MPI_Bcast,4096,4,0.000143
custom_bcast,4096,4,0.003323
MPI_Bcast,4096,4,0.000113
custom_bcast,4096,4,0.000189
MPI_Bcast,4096,4,8.7e-05
custom_bcast,4096,4,0.000139
MPI_Bcast,4096,4,0.0012
custom_bcast,4096,4,0.000135
MPI_Bcast,4096,4,0.000108
custom_bcast,4096,4,0.000178
MPI_Bcast,4096,4,8.2e-05
custom_bcast,4096,4,0.0002
MPI_Bcast,4096,4,9.4e-05
custom_bcast,4096,4,0.000163
MPI_Bcast,4096,4,9.4e-05
custom_bcast,4096,4,0.000153
MPI_Bcast,4096,4,0.000214
custom_bcast,4096,4,0.000471
MPI_Bcast,4096,4,9.3e-05
custom_bcast,4096,4,0.000169
MPI_Bcast,4096,4,0.000112
custom_bcast,4096,4,0.000157
MPI_Bcast,4096,4,0.000163
custom_bcast,4096,4,0.000205
MPI_Bcast,4096,4,0.000139
custom_bcast,4096,4,0.00016
MPI_Bcast,4096,4,9.1e-05
custom_bcast,4096,4,0.000165
MPI_Bcast,4096,4,0.00331
custom_bcast,4096,4,0.000151
MPI_Bcast,4096,4,8.4e-05
custom_bcast,4096,4,0.000205
MPI_Bcast,4096,4,0.000103
custom_bcast,4096,4,0.000298
MPI_Bcast,4096,4,0.000267
custom_bcast,4096,4,0.000505
MPI_Bcast,4096,4,9.5e-05
custom_bcast,4096,4,0.000172
MPI_Bcast,4096,4,8.7e-05
custom_bcast,4096,4,0.000171
MPI_Bcast,4096,4,8.9e-05
custom_bcast,4096,4,0.000145
MPI_Bcast,4096,4,0.000167
custom_bcast,4096,4,0.000168
MPI_Bcast,4096,4,9e-05
custom_bcast,4096,4,0.000214
MPI_Bcast,4096,4,0.000157
custom_bcast,4096,4,0.000167
MPI_Bcast,4096,4,9.5e-05
custom_bcast,4096,4,0.000317
MPI_Bcast,4096,4,0.000141
custom_bcast,4096,4,0.000159
MPI_Bcast,4096,4,0.000148
custom_bcast,4096,4,0.000156
MPI_Bcast,4096,8,0.000476
custom_bcast,4096,8,0.000625
MPI_Bcast,4096,8,0.001539
custom_bcast,4096,8,0.002943
MPI_Bcast,4096,8,0.000643
custom_bcast,4096,8,0.001374
MPI_Bcast,4096,8,0.000257
custom_bcast,4096,8,0.001298
MPI_Bcast,4096,8,0.005847
custom_bcast,4096,8,0.000628
MPI_Bcast,4096,8,0.000344
custom_bcast,4096,8,0.000645
MPI_Bcast,4096,8,0.004046
custom_bcast,4096,8,0.005127
MPI_Bcast,4096,8,0.000431
custom_bcast,4096,8,0.000541
MPI_Bcast,4096,8,0.000432
custom_bcast,4096,8,0.004212
MPI_Bcast,4096,8,0.000389
custom_bcast,4096,8,0.017618
MPI_Bcast,4096,8,0.000741
custom_bcast,4096,8,0.00067
MPI_Bcast,4096,8,0.006805
custom_bcast,4096,8,0.001072
MPI_Bcast,4096,8,0.000757
custom_bcast,4096,8,0.000792
MPI_Bcast,4096,8,0.000338
custom_bcast,4096,8,0.001269
MPI_Bcast,4096,8,0.000918
custom_bcast,4096,8,0.001817
MPI_Bcast,4096,8,0.000641
custom_bcast,4096,8,0.002362
MPI_Bcast,4096,8,0.000889
custom_bcast,4096,8,0.000584
MPI_Bcast,4096,8,0.001337
custom_bcast,4096,8,0.001295
MPI_Bcast,4096,8,0.000443
custom_bcast,4096,8,0.001021
MPI_Bcast,4096,8,0.000537
custom_bcast,4096,8,0.000542
MPI_Bcast,4096,8,0.000562
custom_bcast,4096,8,0.001077
MPI_Bcast,4096,8,0.000551
custom_bcast,4096,8,0.000912
MPI_Bcast,4096,8,0.000465
custom_bcast,4096,8,0.001184
MPI_Bcast,4096,8,0.001266
custom_bcast,4096,8,0.000594
MPI_Bcast,4096,8,0.000265
custom_bcast,4096,8,0.000779
MPI_Bcast,4096,8,0.000495
custom_bcast,4096,8,0.001819
MPI_Bcast,4096,8,0.000803
custom_bcast,4096,8,0.000941
MPI_Bcast,4096,8,0.000461
custom_bcast,4096,8,0.000627
MPI_Bcast,4096,8,0.000655
custom_bcast,4096,8,0.000528
MPI_Bcast,4096,8,0.000446
custom_bcast,4096,8,0.001012
MPI_Bcast,4096,16,0.013546
custom_bcast,4096,16,0.002624
MPI_Bcast,4096,16,0.002092
custom_bcast,4096,16,0.001981
MPI_Bcast,4096,16,0.002976
custom_bcast,4096,16,0.002478
MPI_Bcast,4096,16,0.001711
custom_bcast,4096,16,0.001733
MPI_Bcast,4096,16,0.001621
custom_bcast,4096,16,0.001607
MPI_Bcast,4096,16,0.001836
custom_bcast,4096,16,0.016293
MPI_Bcast,4096,16,0.001412
custom_bcast,4096,16,0.001773
MPI_Bcast,4096,16,0.00177
custom_bcast,4096,16,0.010871
MPI_Bcast,4096,16,0.001205
custom_bcast,4096,16,0.022661
MPI_Bcast,4096,16,0.005599
custom_bcast,4096,16,0.002895
MPI_Bcast,4096,16,0.001036
custom_bcast,4096,16,0.002311
MPI_Bcast,4096,16,0.00071
custom_bcast,4096,16,0.002902
MPI_Bcast,4096,16,0.001416
custom_bcast,4096,16,0.005448
MPI_Bcast,4096,16,0.002213
custom_bcast,4096,16,0.003421
MPI_Bcast,4096,16,0.00166
custom_bcast,4096,16,0.005259
MPI_Bcast,4096,16,0.001185
custom_bcast,4096,16,0.006208
MPI_Bcast,4096,16,0.002778
custom_bcast,4096,16,0.00223
MPI_Bcast,4096,16,0.001925
custom_bcast,4096,16,0.001936
MPI_Bcast,4096,16,0.001015
custom_bcast,4096,16,0.00245
MPI_Bcast,4096,16,0.001039
custom_bcast,4096,16,0.001601
MPI_Bcast,4096,16,0.001545
custom_bcast,4096,16,0.003074
MPI_Bcast,4096,16,0.002605
custom_bcast,4096,16,0.002135
MPI_Bcast,4096,16,0.002218
custom_bcast,4096,16,0.007202
MPI_Bcast,4096,16,0.000609
custom_bcast,4096,16,0.005322
MPI_Bcast,4096,16,0.001956
custom_bcast,4096,16,0.002418
MPI_Bcast,4096,16,0.004253
custom_bcast,4096,16,0.018718
MPI_Bcast,4096,16,0.001724
custom_bcast,4096,16,0.004811
MPI_Bcast,4096,16,0.004958
custom_bcast,4096,16,0.017108
MPI_Bcast,4096,16,0.008276
custom_bcast,4096,16,0.002339
MPI_Bcast,4096,16,0.002326
custom_bcast,4096,16,0.001933
MPI_Bcast,4096,32,0.012955
custom_bcast,4096,32,0.017687
MPI_Bcast,4096,32,0.004622
custom_bcast,4096,32,0.027825
MPI_Bcast,4096,32,0.005207
custom_bcast,4096,32,0.024243
MPI_Bcast,4096,32,0.005465
custom_bcast,4096,32,0.036598
MPI_Bcast,4096,32,0.015104
custom_bcast,4096,32,0.005446
MPI_Bcast,4096,32,0.00327
custom_bcast,4096,32,0.007669
MPI_Bcast,4096,32,0.003023
custom_bcast,4096,32,0.009896
MPI_Bcast,4096,32,0.001725
custom_bcast,4096,32,0.007719
MPI_Bcast,4096,32,0.004379
custom_bcast,4096,32,0.014064
MPI_Bcast,4096,32,0.01015
custom_bcast,4096,32,0.004846
MPI_Bcast,4096,32,0.005195
custom_bcast,4096,32,0.009725
MPI_Bcast,4096,32,0.007502
custom_bcast,4096,32,0.007374
MPI_Bcast,4096,32,0.002734
custom_bcast,4096,32,0.011552
MPI_Bcast,4096,32,0.032838
custom_bcast,4096,32,0.009052
MPI_Bcast,4096,32,0.003991
custom_bcast,4096,32,0.01278
MPI_Bcast,4096,32,0.002077
custom_bcast,4096,32,0.016082
MPI_Bcast,4096,32,0.002747
custom_bcast,4096,32,0.009002
MPI_Bcast,4096,32,0.007722
custom_bcast,4096,32,0.01241
MPI_Bcast,4096,32,0.006672
custom_bcast,4096,32,0.009982
MPI_Bcast,4096,32,0.005889
custom_bcast,4096,32,0.008997
MPI_Bcast,4096,32,0.004231
custom_bcast,4096,32,0.042132
MPI_Bcast,4096,32,0.003104
custom_bcast,4096,32,0.012816
MPI_Bcast,4096,32,0.002928
custom_bcast,4096,32,0.008038
MPI_Bcast,4096,32,0.002937
custom_bcast,4096,32,0.005029
MPI_Bcast,4096,32,0.002314
custom_bcast,4096,32,0.006199
MPI_Bcast,4096,32,0.003087
custom_bcast,4096,32,0.024451
MPI_Bcast,4096,32,0.008609
custom_bcast,4096,32,0.004347
MPI_Bcast,4096,32,0.003282
custom_bcast,4096,32,0.012753
MPI_Bcast,4096,32,0.00265
custom_bcast,4096,32,0.012301
MPI_Bcast,4096,32,0.003458
custom_bcast,4096,32,0.010466
MPI_Bcast,8192,1,1e-06
custom_bcast,8192,1,1e-06
MPI_Bcast,8192,1,1e-06
custom_bcast,8192,1,1e-06
MPI_Bcast,8192,1,1e-06
custom_bcast,8192,1,1e-06
MPI_Bcast,8192,1,1e-06
custom_bcast,8192,1,1e-06
MPI_Bcast,8192,1,1e-06
custom_bcast,8192,1,1e-06
MPI_Bcast,8192,1,1e-06
custom_bcast,8192,1,1e-06
MPI_Bcast,8192,1,1e-06
custom_bcast,8192,1,1e-06
MPI_Bcast,8192,1,1e-06
custom_bcast,8192,1,8e-06
MPI_Bcast,8192,1,1e-06
custom_bcast,8192,1,1e-06
MPI_Bcast,8192,1,1e-06
custom_bcast,8192,1,1e-06
MPI_Bcast,8192,1,1e-06
custom_bcast,8192,1,1e-06
MPI_Bcast,8192,1,1e-06
custom_bcast,8192,1,1e-06
MPI_Bcast,8192,1,1e-06
custom_bcast,8192,1,1e-06
MPI_Bcast,8192,1,1e-06
custom_bcast,8192,1,1e-06
MPI_Bcast,8192,1,1e-06
custom_bcast,8192,1,1e-06
MPI_Bcast,8192,1,1e-06
custom_bcast,8192,1,1e-06
MPI_Bcast,8192,1,1e-06
custom_bcast,8192,1,1e-06
MPI_Bcast,8192,1,1e-06
custom_bcast,8192,1,1e-06
MPI_Bcast,8192,1,1e-06
custom_bcast,8192,1,1e-06
MPI_Bcast,8192,1,1e-06
custom_bcast,8192,1,1e-06
MPI_Bcast,8192,1,1e-06
custom_bcast,8192,1,1e-06
MPI_Bcast,8192,1,1e-06
custom_bcast,8192,1,1e-06
MPI_Bcast,8192,1,1e-06
custom_bcast,8192,1,1e-06
MPI_Bcast,8192,1,1e-06
custom_bcast,8192,1,1e-06
MPI_Bcast,8192,1,1e-06
custom_bcast,8192,1,1e-06
MPI_Bcast,8192,1,1e-06
custom_bcast,8192,1,8e-06
MPI_Bcast,8192,1,1e-06
custom_bcast,8192,1,1e-06
MPI_Bcast,8192,1,1e-06
custom_bcast,8192,1,1e-06
MPI_Bcast,8192,1,1e-06
custom_bcast,8192,1,1e-06
MPI_Bcast,8192,1,1e-06
custom_bcast,8192,1,1e-06
MPI_Bcast,8192,2,9.9e-05
custom_bcast,8192,2,8.5e-05
MPI_Bcast,8192,2,8e-05
custom_bcast,8192,2,6.5e-05
MPI_Bcast,8192,2,7.8e-05
custom_bcast,8192,2,5.9e-05
MPI_Bcast,8192,2,8e-05
custom_bcast,8192,2,9e-05
MPI_Bcast,8192,2,6.9e-05
custom_bcast,8192,2,6.2e-05
MPI_Bcast,8192,2,6.9e-05
custom_bcast,8192,2,7e-05
MPI_Bcast,8192,2,7.1e-05
custom_bcast,8192,2,0.0001
MPI_Bcast,8192,2,8e-05
custom_bcast,8192,2,6e-05
MPI_Bcast,8192,2,7.3e-05
custom_bcast,8192,2,6.7e-05
MPI_Bcast,8192,2,8.3e-05
custom_bcast,8192,2,5.9e-05
MPI_Bcast,8192,2,6.8e-05
custom_bcast,8192,2,6.1e-05
MPI_Bcast,8192,2,7e-05
custom_bcast,8192,2,6.2e-05
MPI_Bcast,8192,2,7e-05
custom_bcast,8192,2,8.3e-05
MPI_Bcast,8192,2,7.1e-05
custom_bcast,8192,2,6.2e-05
MPI_Bcast,8192,2,9.7e-05
custom_bcast,8192,2,0.0001
MPI_Bcast,8192,2,6.5e-05
custom_bcast,8192,2,6.6e-05
MPI_Bcast,8192,2,7.1e-05
custom_bcast,8192,2,6.7e-05
MPI_Bcast,8192,2,6.8e-05
custom_bcast,8192,2,6e-05
MPI_Bcast,8192,2,6.7e-05
custom_bcast,8192,2,7.2e-05
MPI_Bcast,8192,2,7.2e-05
custom_bcast,8192,2,6.2e-05
MPI_Bcast,8192,2,6.8e-05
custom_bcast,8192,2,6.6e-05
MPI_Bcast,8192,2,7.3e-05
custom_bcast,8192,2,7.7e-05
MPI_Bcast,8192,2,6.6e-05
custom_bcast,8192,2,5.9e-05
MPI_Bcast,8192,2,0.000101
custom_bcast,8192,2,5.9e-05
MPI_Bcast,8192,2,8.4e-05
custom_bcast,8192,2,6.5e-05
MPI_Bcast,8192,2,7e-05
custom_bcast,8192,2,7.1e-05
MPI_Bcast,8192,2,6.4e-05
custom_bcast,8192,2,7.2e-05
MPI_Bcast,8192,2,7e-05
custom_bcast,8192,2,6.5e-05
MPI_Bcast,8192,2,9.6e-05
custom_bcast,8192,2,6.5e-05
MPI_Bcast,8192,2,7.3e-05
custom_bcast,8192,2,6.7e-05
MPI_Bcast,8192,4,0.000125
custom_bcast,8192,4,0.000207
MPI_Bcast,8192,4,0.000394
custom_bcast,8192,4,0.000201
MPI_Bcast,8192,4,0.000107
custom_bcast,8192,4,0.000229
MPI_Bcast,8192,4,0.00015
custom_bcast,8192,4,0.000201
MPI_Bcast,8192,4,0.000131
custom_bcast,8192,4,0.000194
MPI_Bcast,8192,4,0.000127
custom_bcast,8192,4,0.000198
MPI_Bcast,8192,4,0.000112
custom_bcast,8192,4,0.000195
MPI_Bcast,8192,4,0.000163
custom_bcast,8192,4,0.000196
MPI_Bcast,8192,4,0.00011
custom_bcast,8192,4,0.000243
MPI_Bcast,8192,4,0.000105
custom_bcast,8192,4,0.000199
MPI_Bcast,8192,4,0.000195
custom_bcast,8192,4,0.000192
MPI_Bcast,8192,4,0.000106
custom_bcast,8192,4,0.000172
MPI_Bcast,8192,4,0.00011
custom_bcast,8192,4,0.000199
MPI_Bcast,8192,4,0.000172
custom_bcast,8192,4,0.000196
MPI_Bcast,8192,4,0.000555
custom_bcast,8192,4,0.000217
MPI_Bcast,8192,4,0.000254
custom_bcast,8192,4,0.000201
MPI_Bcast,8192,4,0.000102
custom_bcast,8192,4,0.000203
MPI_Bcast,8192,4,0.000106
custom_bcast,8192,4,0.000248
MPI_Bcast,8192,4,0.000103
custom_bcast,8192,4,0.00019
MPI_Bcast,8192,4,0.00015
custom_bcast,8192,4,0.000214
MPI_Bcast,8192,4,0.00011
custom_bcast,8192,4,0.017683
MPI_Bcast,8192,4,0.000114
custom_bcast,8192,4,0.000167
MPI_Bcast,8192,4,0.000106
custom_bcast,8192,4,0.000188
MPI_Bcast,8192,4,0.000169
custom_bcast,8192,4,0.000167
MPI_Bcast,8192,4,0.000114
custom_bcast,8192,4,0.000199
MPI_Bcast,8192,4,0.000358
custom_bcast,8192,4,0.00023
MPI_Bcast,8192,4,0.000115
custom_bcast,8192,4,0.000212
MPI_Bcast,8192,4,0.000119
custom_bcast,8192,4,0.000201
MPI_Bcast,8192,4,0.000111
custom_bcast,8192,4,0.000203
MPI_Bcast,8192,4,0.000108
custom_bcast,8192,4,0.000214
MPI_Bcast,8192,8,0.000741
custom_bcast,8192,8,0.000845
MPI_Bcast,8192,8,0.009477
custom_bcast,8192,8,0.000744
MPI_Bcast,8192,8,0.007797
custom_bcast,8192,8,0.001498
MPI_Bcast,8192,8,0.000988
custom_bcast,8192,8,0.0079
MPI_Bcast,8192,8,0.000682
custom_bcast,8192,8,0.001345
MPI_Bcast,8192,8,0.000633
custom_bcast,8192,8,0.00104
MPI_Bcast,8192,8,0.001235
custom_bcast,8192,8,0.000646
MPI_Bcast,8192,8,0.000328
custom_bcast,8192,8,0.000567
MPI_Bcast,8192,8,0.007931
custom_bcast,8192,8,0.013899
MPI_Bcast,8192,8,0.007522
custom_bcast,8192,8,0.009451
MPI_Bcast,8192,8,0.000491
custom_bcast,8192,8,0.001538
MPI_Bcast,8192,8,0.000295
custom_bcast,8192,8,0.000832
MPI_Bcast,8192,8,0.016013
custom_bcast,8192,8,0.001395
MPI_Bcast,8192,8,0.000523
custom_bcast,8192,8,0.000744
MPI_Bcast,8192,8,0.00171
custom_bcast,8192,8,0.000766
MPI_Bcast,8192,8,0.000607
custom_bcast,8192,8,0.000793
MPI_Bcast,8192,8,0.005958
custom_bcast,8192,8,0.000904
MPI_Bcast,8192,8,0.000467
custom_bcast,8192,8,0.0016
MPI_Bcast,8192,8,0.001036
custom_bcast,8192,8,0.000955
MPI_Bcast,8192,8,0.000731
custom_bcast,8192,8,0.00137
MPI_Bcast,8192,8,0.0012
custom_bcast,8192,8,0.018836
MPI_Bcast,8192,8,0.000659
custom_bcast,8192,8,0.001099
MPI_Bcast,8192,8,0.006011
custom_bcast,8192,8,0.000858
MPI_Bcast,8192,8,0.0013
custom_bcast,8192,8,0.00077
MPI_Bcast,8192,8,0.000463
custom_bcast,8192,8,0.006547
MPI_Bcast,8192,8,0.000373
custom_bcast,8192,8,0.000742
MPI_Bcast,8192,8,0.000659
custom_bcast,8192,8,0.001661
MPI_Bcast,8192,8,0.000719
custom_bcast,8192,8,0.001941
MPI_Bcast,8192,8,0.011404
custom_bcast,8192,8,0.000823
MPI_Bcast,8192,8,0.001597
custom_bcast,8192,8,0.000586
MPI_Bcast,8192,16,0.001964
custom_bcast,8192,16,0.002995
MPI_Bcast,8192,16,0.001537
custom_bcast,8192,16,0.009893
MPI_Bcast,8192,16,0.017454
custom_bcast,8192,16,0.002472
MPI_Bcast,8192,16,0.002147
custom_bcast,8192,16,0.002921
MPI_Bcast,8192,16,0.001165
custom_bcast,8192,16,0.002245
MPI_Bcast,8192,16,0.001297
custom_bcast,8192,16,0.001725
MPI_Bcast,8192,16,0.001891
custom_bcast,8192,16,0.002387
MPI_Bcast,8192,16,0.010993
custom_bcast,8192,16,0.002198
MPI_Bcast,8192,16,0.001256
custom_bcast,8192,16,0.003191
MPI_Bcast,8192,16,0.001098
custom_bcast,8192,16,0.012421
MPI_Bcast,8192,16,0.001619
custom_bcast,8192,16,0.001668
MPI_Bcast,8192,16,0.009031
custom_bcast,8192,16,0.013156
MPI_Bcast,8192,16,0.001474
custom_bcast,8192,16,0.006195
MPI_Bcast,8192,16,0.000909
custom_bcast,8192,16,0.001897
MPI_Bcast,8192,16,0.001263
custom_bcast,8192,16,0.007612
MPI_Bcast,8192,16,0.001037
custom_bcast,8192,16,0.003636
MPI_Bcast,8192,16,0.000784
custom_bcast,8192,16,0.007878
MPI_Bcast,8192,16,0.000996
custom_bcast,8192,16,0.007017
MPI_Bcast,8192,16,0.006381
custom_bcast,8192,16,0.00276
MPI_Bcast,8192,16,0.003786
custom_bcast,8192,16,0.001694
MPI_Bcast,8192,16,0.001596
custom_bcast,8192,16,0.014894
MPI_Bcast,8192,16,0.001353
custom_bcast,8192,16,0.002722
MPI_Bcast,8192,16,0.012984
custom_bcast,8192,16,0.004659
MPI_Bcast,8192,16,0.002952
custom_bcast,8192,16,0.003204
MPI_Bcast,8192,16,0.001095
custom_bcast,8192,16,0.00219
MPI_Bcast,8192,16,0.001245
custom_bcast,8192,16,0.010602
MPI_Bcast,8192,16,0.004422
custom_bcast,8192,16,0.002366
MPI_Bcast,8192,16,0.001071
custom_bcast,8192,16,0.00165
MPI_Bcast,8192,16,0.00145
custom_bcast,8192,16,0.006146
MPI_Bcast,8192,16,0.008426
custom_bcast,8192,16,0.001995
MPI_Bcast,8192,32,0.002267
custom_bcast,8192,32,0.006073
MPI_Bcast,8192,32,0.005101
custom_bcast,8192,32,0.006521
MPI_Bcast,8192,32,0.002585
custom_bcast,8192,32,0.007976
MPI_Bcast,8192,32,0.0037
custom_bcast,8192,32,0.010477
MPI_Bcast,8192,32,0.011171
custom_bcast,8192,32,0.005861
MPI_Bcast,8192,32,0.002608
custom_bcast,8192,32,0.012022
MPI_Bcast,8192,32,0.002114
custom_bcast,8192,32,0.008802
MPI_Bcast,8192,32,0.002414
custom_bcast,8192,32,0.007815
MPI_Bcast,8192,32,0.002766
custom_bcast,8192,32,0.008904
MPI_Bcast,8192,32,0.003267
custom_bcast,8192,32,0.020244
MPI_Bcast,8192,32,0.002758
custom_bcast,8192,32,0.012915
MPI_Bcast,8192,32,0.003149
custom_bcast,8192,32,0.006772
MPI_Bcast,8192,32,0.007996
custom_bcast,8192,32,0.010097
MPI_Bcast,8192,32,0.004915
custom_bcast,8192,32,0.011664
MPI_Bcast,8192,32,0.005992
custom_bcast,8192,32,0.006367
MPI_Bcast,8192,32,0.004197
custom_bcast,8192,32,0.01295
MPI_Bcast,8192,32,0.03622
custom_bcast,8192,32,0.011984
MPI_Bcast,8192,32,0.00388
custom_bcast,8192,32,0.007296
MPI_Bcast,8192,32,0.003849
custom_bcast,8192,32,0.012086
MPI_Bcast,8192,32,0.004159
custom_bcast,8192,32,0.008587
MPI_Bcast,8192,32,0.00518
custom_bcast,8192,32,0.0102
MPI_Bcast,8192,32,0.004751
custom_bcast,8192,32,0.006965
MPI_Bcast,8192,32,0.002131
custom_bcast,8192,32,0.007349
MPI_Bcast,8192,32,0.042837
custom_bcast,8192,32,0.01838
MPI_Bcast,8192,32,0.00525
custom_bcast,8192,32,0.009157
MPI_Bcast,8192,32,0.012954
custom_bcast,8192,32,0.009752
MPI_Bcast,8192,32,0.003126
custom_bcast,8192,32,0.006853
MPI_Bcast,8192,32,0.003941
custom_bcast,8192,32,0.008299
MPI_Bcast,8192,32,0.0037
custom_bcast,8192,32,0.011055
MPI_Bcast,8192,32,0.003067
custom_bcast,8192,32,0.005935
MPI_Bcast,16384,1,1e-06
custom_bcast,16384,1,1e-06
MPI_Bcast,16384,1,1e-06
custom_bcast,16384,1,1e-06
MPI_Bcast,16384,1,1e-06
custom_bcast,16384,1,1e-06
MPI_Bcast,16384,1,1e-06
custom_bcast,16384,1,1e-06
MPI_Bcast,16384,1,1e-06
custom_bcast,16384,1,8e-06
MPI_Bcast,16384,1,1e-06
custom_bcast,16384,1,1e-06
MPI_Bcast,16384,1,1e-06
custom_bcast,16384,1,6e-06
MPI_Bcast,16384,1,1e-06
custom_bcast,16384,1,1e-06
MPI_Bcast,16384,1,1e-06
custom_bcast,16384,1,1e-06
MPI_Bcast,16384,1,1e-06
custom_bcast,16384,1,1e-06
MPI_Bcast,16384,1,1e-06
custom_bcast,16384,1,1e-06
MPI_Bcast,16384,1,1e-06
custom_bcast,16384,1,1e-06
MPI_Bcast,16384,1,1e-06
custom_bcast,16384,1,1e-06
MPI_Bcast,16384,1,1e-06
custom_bcast,16384,1,1e-06
MPI_Bcast,16384,1,1e-06
custom_bcast,16384,1,1e-06
MPI_Bcast,16384,1,1e-06
custom_bcast,16384,1,1e-06
MPI_Bcast,16384,1,1e-06
custom_bcast,16384,1,1e-06
MPI_Bcast,16384,1,1e-06
custom_bcast,16384,1,1e-06
MPI_Bcast,16384,1,1e-06
custom_bcast,16384,1,1e-06
MPI_Bcast,16384,1,1e-06
custom_bcast,16384,1,1e-06
MPI_Bcast,16384,1,1e-06
custom_bcast,16384,1,1e-06
MPI_Bcast,16384,1,1e-06
custom_bcast,16384,1,1.2e-05
MPI_Bcast,16384,1,1e-06
custom_bcast,16384,1,1e-06
MPI_Bcast,16384,1,1e-06
custom_bcast,16384,1,1e-06
MPI_Bcast,16384,1,1e-06
custom_bcast,16384,1,1e-06
MPI_Bcast,16384,1,1e-06
custom_bcast,16384,1,1e-06
MPI_Bcast,16384,1,1e-06
custom_bcast,16384,1,1e-06
MPI_Bcast,16384,1,1e-06
custom_bcast,16384,1,1e-06
MPI_Bcast,16384,1,1e-06
custom_bcast,16384,1,1e-06
MPI_Bcast,16384,1,1e-06
custom_bcast,16384,1,1e-06
MPI_Bcast,16384,2,0.000117
custom_bcast,16384,2,8.8e-05
MPI_Bcast,16384,2,8.5e-05
custom_bcast,16384,2,7.9e-05
MPI_Bcast,16384,2,8.7e-05
custom_bcast,16384,2,8.8e-05
MPI_Bcast,16384,2,8.9e-05
custom_bcast,16384,2,8.3e-05
MPI_Bcast,16384,2,8.7e-05
custom_bcast,16384,2,8.5e-05
MPI_Bcast,16384,2,0.00014
custom_bcast,16384,2,8.5e-05
MPI_Bcast,16384,2,8.9e-05
custom_bcast,16384,2,8.4e-05
MPI_Bcast,16384,2,9.1e-05
custom_bcast,16384,2,8.1e-05
MPI_Bcast,16384,2,0.000124
custom_bcast,16384,2,8.2e-05
MPI_Bcast,16384,2,0.000104
custom_bcast,16384,2,0.000111
MPI_Bcast,16384,2,9.5e-05
custom_bcast,16384,2,9e-05
MPI_Bcast,16384,2,8.8e-05
custom_bcast,16384,2,7.9e-05
MPI_Bcast,16384,2,8.5e-05
custom_bcast,16384,2,8.3e-05
MPI_Bcast,16384,2,0.000117
custom_bcast,16384,2,0.000207
MPI_Bcast,16384,2,9.6e-05
custom_bcast,16384,2,8.9e-05
MPI_Bcast,16384,2,8.6e-05
custom_bcast,16384,2,8.1e-05
MPI_Bcast,16384,2,9e-05
custom_bcast,16384,2,7.8e-05
MPI_Bcast,16384,2,8.9e-05
custom_bcast,16384,2,0.000108
MPI_Bcast,16384,2,9.1e-05
custom_bcast,16384,2,8.3e-05
MPI_Bcast,16384,2,0.000102
custom_bcast,16384,2,7.8e-05
MPI_Bcast,16384,2,9.5e-05
custom_bcast,16384,2,8.2e-05
MPI_Bcast,16384,2,0.000105
custom_bcast,16384,2,8.9e-05
MPI_Bcast,16384,2,9.7e-05
custom_bcast,16384,2,8.6e-05
MPI_Bcast,16384,2,8.8e-05
custom_bcast,16384,2,8.7e-05
MPI_Bcast,16384,2,0.00011
custom_bcast,16384,2,8.8e-05
MPI_Bcast,16384,2,0.000133
custom_bcast,16384,2,8.8e-05
MPI_Bcast,16384,2,0.000106
custom_bcast,16384,2,7.8e-05
MPI_Bcast,16384,2,0.00011
custom_bcast,16384,2,0.000153
MPI_Bcast,16384,2,0.000128
custom_bcast,16384,2,8.6e-05
MPI_Bcast,16384,2,9e-05
custom_bcast,16384,2,0.000155
MPI_Bcast,16384,4,0.00015
custom_bcast,16384,4,0.000372
MPI_Bcast,16384,4,0.000132
custom_bcast,16384,4,0.00046
MPI_Bcast,16384,4,0.000967
custom_bcast,16384,4,0.000275
MPI_Bcast,16384,4,0.000159
custom_bcast,16384,4,0.000283
MPI_Bcast,16384,4,0.000137
custom_bcast,16384,4,0.00027
MPI_Bcast,16384,4,0.000139
custom_bcast,16384,4,0.005246
MPI_Bcast,16384,4,0.000334
custom_bcast,16384,4,0.000355
MPI_Bcast,16384,4,0.000156
custom_bcast,16384,4,0.0003
MPI_Bcast,16384,4,0.000401
custom_bcast,16384,4,0.000228
MPI_Bcast,16384,4,0.00016
custom_bcast,16384,4,0.000718
MPI_Bcast,16384,4,0.000142
custom_bcast,16384,4,0.000295
MPI_Bcast,16384,4,0.001201
custom_bcast,16384,4,0.000276
MPI_Bcast,16384,4,0.000141
custom_bcast,16384,4,0.000274
MPI_Bcast,16384,4,0.000142
custom_bcast,16384,4,0.000338
MPI_Bcast,16384,4,0.000164
custom_bcast,16384,4,0.000264
MPI_Bcast,16384,4,0.005776
custom_bcast,16384,4,0.000281
MPI_Bcast,16384,4,0.000293
custom_bcast,16384,4,0.000269
MPI_Bcast,16384,4,0.000138
custom_bcast,16384,4,0.000315
MPI_Bcast,16384,4,0.000141
custom_bcast,16384,4,0.000295
MPI_Bcast,16384,4,0.000179
custom_bcast,16384,4,0.000297
MPI_Bcast,16384,4,0.000229
custom_bcast,16384,4,0.000315
MPI_Bcast,16384,4,0.000146
custom_bcast,16384,4,0.000321
MPI_Bcast,16384,4,0.000151
custom_bcast,16384,4,0.000292
MPI_Bcast,16384,4,0.000147
custom_bcast,16384,4,0.000258
MPI_Bcast,16384,4,0.000151
custom_bcast,16384,4,0.000273
MPI_Bcast,16384,4,0.000189
custom_bcast,16384,4,0.000279
MPI_Bcast,16384,4,0.000229
custom_bcast,16384,4,0.000395
MPI_Bcast,16384,4,0.000146
custom_bcast,16384,4,0.000262
MPI_Bcast,16384,4,0.000135
custom_bcast,16384,4,0.000318
MPI_Bcast,16384,4,0.000142
custom_bcast,16384,4,0.00029
MPI_Bcast,16384,8,0.017387
custom_bcast,16384,8,0.004951
MPI_Bcast,16384,8,0.013406
custom_bcast,16384,8,0.000857
MPI_Bcast,16384,8,0.003445
custom_bcast,16384,8,0.001153
MPI_Bcast,16384,8,0.000601
custom_bcast,16384,8,0.016037
MPI_Bcast,16384,8,0.000483
custom_bcast,16384,8,0.001256
MPI_Bcast,16384,8,0.003295
custom_bcast,16384,8,0.001121
MPI_Bcast,16384,8,0.000499
custom_bcast,16384,8,0.001525
MPI_Bcast,16384,8,0.000393
custom_bcast,16384,8,0.001188
MPI_Bcast,16384,8,0.000918
custom_bcast,16384,8,0.001544
MPI_Bcast,16384,8,0.001772
custom_bcast,16384,8,0.001004
MPI_Bcast,16384,8,0.000277
custom_bcast,16384,8,0.001109
MPI_Bcast,16384,8,0.000717
custom_bcast,16384,8,0.000856
MPI_Bcast,16384,8,0.003641
custom_bcast,16384,8,0.001011
MPI_Bcast,16384,8,0.000531
custom_bcast,16384,8,0.001331
MPI_Bcast,16384,8,0.000969
custom_bcast,16384,8,0.000744
MPI_Bcast,16384,8,0.000596
custom_bcast,16384,8,0.001152
MPI_Bcast,16384,8,0.000518
custom_bcast,16384,8,0.001098
MPI_Bcast,16384,8,0.000633
custom_bcast,16384,8,0.014906
MPI_Bcast,16384,8,0.004422
custom_bcast,16384,8,0.002059
MPI_Bcast,16384,8,0.000687
custom_bcast,16384,8,0.00198
MPI_Bcast,16384,8,0.000539
custom_bcast,16384,8,0.001272
MPI_Bcast,16384,8,0.000692
custom_bcast,16384,8,0.001228
MPI_Bcast,16384,8,0.000718
custom_bcast,16384,8,0.00264
MPI_Bcast,16384,8,0.003649
custom_bcast,16384,8,0.001536
MPI_Bcast,16384,8,0.012454
custom_bcast,16384,8,0.001054
MPI_Bcast,16384,8,0.011928
custom_bcast,16384,8,0.000837
MPI_Bcast,16384,8,0.003151
custom_bcast,16384,8,0.002999
MPI_Bcast,16384,8,0.000848
custom_bcast,16384,8,0.001325
MPI_Bcast,16384,8,0.000499
custom_bcast,16384,8,0.00158
MPI_Bcast,16384,8,0.000632
custom_bcast,16384,8,0.001549
MPI_Bcast,16384,16,0.001301
custom_bcast,16384,16,0.003036
MPI_Bcast,16384,16,0.001349
custom_bcast,16384,16,0.002817
MPI_Bcast,16384,16,0.00096
custom_bcast,16384,16,0.010503
MPI_Bcast,16384,16,0.036396
custom_bcast,16384,16,0.003511
MPI_Bcast,16384,16,0.001932
custom_bcast,16384,16,0.004651
MPI_Bcast,16384,16,0.00134
custom_bcast,16384,16,0.006005
MPI_Bcast,16384,16,0.002933
custom_bcast,16384,16,0.002672
MPI_Bcast,16384,16,0.002587
custom_bcast,16384,16,0.007053
MPI_Bcast,16384,16,0.002576
custom_bcast,16384,16,0.005532
MPI_Bcast,16384,16,0.004657
custom_bcast,16384,16,0.011027
MPI_Bcast,16384,16,0.000835
custom_bcast,16384,16,0.002184
MPI_Bcast,16384,16,0.003657
custom_bcast,16384,16,0.00236
MPI_Bcast,16384,16,0.001585
custom_bcast,16384,16,0.002621
MPI_Bcast,16384,16,0.00131
custom_bcast,16384,16,0.003106
MPI_Bcast,16384,16,0.001096
custom_bcast,16384,16,0.017245
MPI_Bcast,16384,16,0.00222
custom_bcast,16384,16,0.003678
MPI_Bcast,16384,16,0.010377
custom_bcast,16384,16,0.003687
MPI_Bcast,16384,16,0.000911
custom_bcast,16384,16,0.004586
MPI_Bcast,16384,16,0.00131
custom_bcast,16384,16,0.028612
MPI_Bcast,16384,16,0.02085
custom_bcast,16384,16,0.002749
MPI_Bcast,16384,16,0.001359
custom_bcast,16384,16,0.00255
MPI_Bcast,16384,16,0.001508
custom_bcast,16384,16,0.003385
MPI_Bcast,16384,16,0.001228
custom_bcast,16384,16,0.038184
MPI_Bcast,16384,16,0.001382
custom_bcast,16384,16,0.002507
MPI_Bcast,16384,16,0.002448
custom_bcast,16384,16,0.002627
MPI_Bcast,16384,16,0.003388
custom_bcast,16384,16,0.00302
MPI_Bcast,16384,16,0.017538
custom_bcast,16384,16,0.002476
MPI_Bcast,16384,16,0.001078
custom_bcast,16384,16,0.016046
MPI_Bcast,16384,16,0.001618
custom_bcast,16384,16,0.003203
MPI_Bcast,16384,16,0.001301
custom_bcast,16384,16,0.004677
MPI_Bcast,16384,32,0.005334
custom_bcast,16384,32,0.013613
MPI_Bcast,16384,32,0.003276
custom_bcast,16384,32,0.00732
MPI_Bcast,16384,32,0.003222
custom_bcast,16384,32,0.006907
MPI_Bcast,16384,32,0.002909
custom_bcast,16384,32,0.015892
MPI_Bcast,16384,32,0.00249
custom_bcast,16384,32,0.027217
MPI_Bcast,16384,32,0.004074
custom_bcast,16384,32,0.008793
MPI_Bcast,16384,32,0.004984
custom_bcast,16384,32,0.011532
MPI_Bcast,16384,32,0.006042
custom_bcast,16384,32,0.010685
MPI_Bcast,16384,32,0.004211
custom_bcast,16384,32,0.016605
MPI_Bcast,16384,32,0.003643
custom_bcast,16384,32,0.01623
MPI_Bcast,16384,32,0.005848
custom_bcast,16384,32,0.02829
MPI_Bcast,16384,32,0.003464
custom_bcast,16384,32,0.008799
MPI_Bcast,16384,32,0.004063
custom_bcast,16384,32,0.006906
MPI_Bcast,16384,32,0.004461
custom_bcast,16384,32,0.009216
MPI_Bcast,16384,32,0.003274
custom_bcast,16384,32,0.008434
MPI_Bcast,16384,32,0.005359
custom_bcast,16384,32,0.008852
MPI_Bcast,16384,32,0.017428
custom_bcast,16384,32,0.019361
MPI_Bcast,16384,32,0.002949
custom_bcast,16384,32,0.014656
MPI_Bcast,16384,32,0.020848
custom_bcast,16384,32,0.014715
MPI_Bcast,16384,32,0.0037
custom_bcast,16384,32,0.009123
MPI_Bcast,16384,32,0.003878
custom_bcast,16384,32,0.008826
MPI_Bcast,16384,32,0.008058
custom_bcast,16384,32,0.008056
MPI_Bcast,16384,32,0.009978
custom_bcast,16384,32,0.008774
MPI_Bcast,16384,32,0.00325
custom_bcast,16384,32,0.014899
MPI_Bcast,16384,32,0.006054
custom_bcast,16384,32,0.037493
MPI_Bcast,16384,32,0.006999
custom_bcast,16384,32,0.006371
MPI_Bcast,16384,32,0.00762
custom_bcast,16384,32,0.009666
MPI_Bcast,16384,32,0.012836
custom_bcast,16384,32,0.014655
MPI_Bcast,16384,32,0.006037
custom_bcast,16384,32,0.007689
MPI_Bcast,16384,32,0.003992
custom_bcast,16384,32,0.009643
MPI_Bcast,32768,1,1e-06
custom_bcast,32768,1,1e-06
MPI_Bcast,32768,1,1e-06
custom_bcast,32768,1,1e-06
MPI_Bcast,32768,1,1e-06
custom_bcast,32768,1,1e-06
MPI_Bcast,32768,1,1e-06
custom_bcast,32768,1,1e-06
MPI_Bcast,32768,1,1e-06
custom_bcast,32768,1,1e-06
MPI_Bcast,32768,1,1e-06
custom_bcast,32768,1,1e-06
MPI_Bcast,32768,1,1e-06
custom_bcast,32768,1,1e-06
MPI_Bcast,32768,1,1e-06
custom_bcast,32768,1,7e-06
MPI_Bcast,32768,1,1e-06
custom_bcast,32768,1,1e-06
MPI_Bcast,32768,1,1e-06
custom_bcast,32768,1,1e-06
MPI_Bcast,32768,1,1e-06
custom_bcast,32768,1,1e-06
MPI_Bcast,32768,1,1e-06
custom_bcast,32768,1,1e-06
MPI_Bcast,32768,1,1e-06
custom_bcast,32768,1,1e-06
MPI_Bcast,32768,1,1e-06
custom_bcast,32768,1,1e-06
MPI_Bcast,32768,1,1e-06
custom_bcast,32768,1,1e-06
MPI_Bcast,32768,1,1e-06
custom_bcast,32768,1,1e-06
MPI_Bcast,32768,1,1e-06
custom_bcast,32768,1,1e-06
MPI_Bcast,32768,1,1e-06
custom_bcast,32768,1,1e-06
MPI_Bcast,32768,1,1e-06
custom_bcast,32768,1,7e-06
MPI_Bcast,32768,1,1e-06
custom_bcast,32768,1,1e-06
MPI_Bcast,32768,1,1e-06
custom_bcast,32768,1,1e-06
MPI_Bcast,32768,1,1e-06
custom_bcast,32768,1,1e-06
MPI_Bcast,32768,1,1e-06
custom_bcast,32768,1,1e-06
MPI_Bcast,32768,1,1e-06
custom_bcast,32768,1,1e-06
MPI_Bcast,32768,1,1e-06
custom_bcast,32768,1,1e-06
MPI_Bcast,32768,1,1e-06
custom_bcast,32768,1,1e-06
MPI_Bcast,32768,1,1e-06
custom_bcast,32768,1,1e-06
MPI_Bcast,32768,1,1e-06
custom_bcast,32768,1,1e-06
MPI_Bcast,32768,1,1e-06
custom_bcast,32768,1,1e-06
MPI_Bcast,32768,1,1e-06
custom_bcast,32768,1,7e-06
MPI_Bcast,32768,2,0.000202
custom_bcast,32768,2,0.000127
MPI_Bcast,32768,2,0.000123
custom_bcast,32768,2,0.000115
MPI_Bcast,32768,2,0.000176
custom_bcast,32768,2,0.000161
MPI_Bcast,32768,2,0.000124
custom_bcast,32768,2,0.000125
MPI_Bcast,32768,2,0.000123
custom_bcast,32768,2,0.000124
MPI_Bcast,32768,2,0.000118
custom_bcast,32768,2,0.000139
MPI_Bcast,32768,2,0.000148
custom_bcast,32768,2,0.000126
MPI_Bcast,32768,2,0.00012
custom_bcast,32768,2,0.000112
MPI_Bcast,32768,2,0.000136
custom_bcast,32768,2,0.000119
MPI_Bcast,32768,2,0.000131
custom_bcast,32768,2,0.000121
MPI_Bcast,32768,2,0.000125
custom_bcast,32768,2,0.000113
MPI_Bcast,32768,2,0.000181
custom_bcast,32768,2,0.000122
MPI_Bcast,32768,2,0.000127
custom_bcast,32768,2,0.000135
MPI_Bcast,32768,2,0.000132
custom_bcast,32768,2,0.000151
MPI_Bcast,32768,2,0.000119
custom_bcast,32768,2,0.000326
MPI_Bcast,32768,2,0.000164
custom_bcast,32768,2,0.000123
MPI_Bcast,32768,2,0.000129
custom_bcast,32768,2,0.000123
MPI_Bcast,32768,2,0.000127
custom_bcast,32768,2,0.000178
MPI_Bcast,32768,2,0.000123
custom_bcast,32768,2,0.000125
MPI_Bcast,32768,2,0.000126
custom_bcast,32768,2,0.000121
MPI_Bcast,32768,2,0.000307
custom_bcast,32768,2,0.000117
MPI_Bcast,32768,2,0.000122
custom_bcast,32768,2,0.000132
MPI_Bcast,32768,2,0.000129
custom_bcast,32768,2,0.000123
MPI_Bcast,32768,2,0.000133
custom_bcast,32768,2,0.000223
MPI_Bcast,32768,2,0.00012
custom_bcast,32768,2,0.000123
MPI_Bcast,32768,2,0.00012
custom_bcast,32768,2,0.000139
MPI_Bcast,32768,2,0.000118
custom_bcast,32768,2,0.000111
MPI_Bcast,32768,2,0.000121
custom_bcast,32768,2,0.000192
MPI_Bcast,32768,2,0.00018
custom_bcast,32768,2,0.00012
MPI_Bcast,32768,2,0.000222
custom_bcast,32768,2,0.000114
MPI_Bcast,32768,4,0.000214
custom_bcast,32768,4,0.000461
MPI_Bcast,32768,4,0.00021
custom_bcast,32768,4,0.00044
MPI_Bcast,32768,4,0.000341
custom_bcast,32768,4,0.000443
MPI_Bcast,32768,4,0.001708
custom_bcast,32768,4,0.000371
MPI_Bcast,32768,4,0.000208
custom_bcast,32768,4,0.000524
MPI_Bcast,32768,4,0.000258
custom_bcast,32768,4,0.000443
MPI_Bcast,32768,4,0.000212
custom_bcast,32768,4,0.000441
MPI_Bcast,32768,4,0.000214
custom_bcast,32768,4,0.000675
MPI_Bcast,32768,4,0.000242
custom_bcast,32768,4,0.013093
MPI_Bcast,32768,4,0.000241
custom_bcast,32768,4,0.000447
MPI_Bcast,32768,4,0.000217
custom_bcast,32768,4,0.000399
MPI_Bcast,32768,4,0.000202
custom_bcast,32768,4,0.000576
MPI_Bcast,32768,4,0.000216
custom_bcast,32768,4,0.000442
MPI_Bcast,32768,4,0.001092
custom_bcast,32768,4,0.000468
MPI_Bcast,32768,4,0.000214
custom_bcast,32768,4,0.000414
MPI_Bcast,32768,4,0.000203
custom_bcast,32768,4,0.000448
MPI_Bcast,32768,4,0.000367
custom_bcast,32768,4,0.000435
MPI_Bcast,32768,4,0.000221
custom_bcast,32768,4,0.000439
MPI_Bcast,32768,4,0.000217
custom_bcast,32768,4,0.000454
MPI_Bcast,32768,4,0.000221
custom_bcast,32768,4,0.000385
MPI_Bcast,32768,4,0.00035
custom_bcast,32768,4,0.000458
MPI_Bcast,32768,4,0.000204
custom_bcast,32768,4,0.00045
MPI_Bcast,32768,4,0.00023
custom_bcast,32768,4,0.000823
MPI_Bcast,32768,4,0.00024
custom_bcast,32768,4,0.000466
MPI_Bcast,32768,4,0.000227
custom_bcast,32768,4,0.000416
MPI_Bcast,32768,4,0.000346
custom_bcast,32768,4,0.000479
MPI_Bcast,32768,4,0.000528
custom_bcast,32768,4,0.000433
MPI_Bcast,32768,4,0.000214
custom_bcast,32768,4,0.000464
MPI_Bcast,32768,4,0.00022
custom_bcast,32768,4,0.00044
MPI_Bcast,32768,4,0.000219
custom_bcast,32768,4,0.000438
MPI_Bcast,32768,8,0.000685
custom_bcast,32768,8,0.001193
MPI_Bcast,32768,8,0.000986
custom_bcast,32768,8,0.001657
MPI_Bcast,32768,8,0.000853
custom_bcast,32768,8,0.014322
MPI_Bcast,32768,8,0.000536
custom_bcast,32768,8,0.001611
MPI_Bcast,32768,8,0.001236
custom_bcast,32768,8,0.007704
MPI_Bcast,32768,8,0.000927
custom_bcast,32768,8,0.001623
MPI_Bcast,32768,8,0.00057
custom_bcast,32768,8,0.004406
MPI_Bcast,32768,8,0.000711
custom_bcast,32768,8,0.001873
MPI_Bcast,32768,8,0.001107
custom_bcast,32768,8,0.00122
MPI_Bcast,32768,8,0.000974
custom_bcast,32768,8,0.005574
MPI_Bcast,32768,8,0.000532
custom_bcast,32768,8,0.001259
MPI_Bcast,32768,8,0.000774
custom_bcast,32768,8,0.001526
MPI_Bcast,32768,8,0.001009
custom_bcast,32768,8,0.001348
MPI_Bcast,32768,8,0.001624
custom_bcast,32768,8,0.001239
MPI_Bcast,32768,8,0.000912
custom_bcast,32768,8,0.001734
MPI_Bcast,32768,8,0.003325
custom_bcast,32768,8,0.00211
MPI_Bcast,32768,8,0.000645
custom_bcast,32768,8,0.001355
MPI_Bcast,32768,8,0.000793
custom_bcast,32768,8,0.00546
MPI_Bcast,32768,8,0.000564
custom_bcast,32768,8,0.001379
MPI_Bcast,32768,8,0.000814
custom_bcast,32768,8,0.001327
MPI_Bcast,32768,8,0.001856
custom_bcast,32768,8,0.00152
MPI_Bcast,32768,8,0.004851
custom_bcast,32768,8,0.00112
MPI_Bcast,32768,8,0.000827
custom_bcast,32768,8,0.002906
MPI_Bcast,32768,8,0.000609
custom_bcast,32768,8,0.001249
MPI_Bcast,32768,8,0.001102
custom_bcast,32768,8,0.001254
MPI_Bcast,32768,8,0.000619
custom_bcast,32768,8,0.001284
MPI_Bcast,32768,8,0.001499
custom_bcast,32768,8,0.002288
MPI_Bcast,32768,8,0.01847
custom_bcast,32768,8,0.00121
MPI_Bcast,32768,8,0.000817
custom_bcast,32768,8,0.001161
MPI_Bcast,32768,8,0.001047
custom_bcast,32768,8,0.001179
MPI_Bcast,32768,16,0.002179
custom_bcast,32768,16,0.004234
MPI_Bcast,32768,16,0.001754
custom_bcast,32768,16,0.00356
MPI_Bcast,32768,16,0.009773
custom_bcast,32768,16,0.006124
MPI_Bcast,32768,16,0.002411
custom_bcast,32768,16,0.003869
MPI_Bcast,32768,16,0.002509
custom_bcast,32768,16,0.005807
MPI_Bcast,32768,16,0.003997
custom_bcast,32768,16,0.007455
MPI_Bcast,32768,16,0.00182
custom_bcast,32768,16,0.012389
MPI_Bcast,32768,16,0.002315
custom_bcast,32768,16,0.004918
MPI_Bcast,32768,16,0.002593
custom_bcast,32768,16,0.007522
MPI_Bcast,32768,16,0.005358
custom_bcast,32768,16,0.023357
MPI_Bcast,32768,16,0.002123
custom_bcast,32768,16,0.004111
MPI_Bcast,32768,16,0.006472
custom_bcast,32768,16,0.003725
MPI_Bcast,32768,16,0.001198
custom_bcast,32768,16,0.005583
MPI_Bcast,32768,16,0.002441
custom_bcast,32768,16,0.004547
MPI_Bcast,32768,16,0.003369
custom_bcast,32768,16,0.003937
MPI_Bcast,32768,16,0.003396
custom_bcast,32768,16,0.003421
MPI_Bcast,32768,16,0.001649
custom_bcast,32768,16,0.00546
MPI_Bcast,32768,16,0.001781
custom_bcast,32768,16,0.003775
MPI_Bcast,32768,16,0.010113
custom_bcast,32768,16,0.004718
MPI_Bcast,32768,16,0.00251
custom_bcast,32768,16,0.003151
MPI_Bcast,32768,16,0.003022
custom_bcast,32768,16,0.022731
MPI_Bcast,32768,16,0.00284
custom_bcast,32768,16,0.009228
MPI_Bcast,32768,16,0.002336
custom_bcast,32768,16,0.005021
MPI_Bcast,32768,16,0.004625
custom_bcast,32768,16,0.006621
MPI_Bcast,32768,16,0.011278
custom_bcast,32768,16,0.003879
MPI_Bcast,32768,16,0.001991
custom_bcast,32768,16,0.008536
MPI_Bcast,32768,16,0.003308
custom_bcast,32768,16,0.003282
MPI_Bcast,32768,16,0.002018
custom_bcast,32768,16,0.007768
MPI_Bcast,32768,16,0.003845
custom_bcast,32768,16,0.004247
MPI_Bcast,32768,16,0.00161
custom_bcast,32768,16,0.003802
MPI_Bcast,32768,32,0.004492
custom_bcast,32768,32,0.009963
MPI_Bcast,32768,32,0.013811
custom_bcast,32768,32,0.012895
MPI_Bcast,32768,32,0.006874
custom_bcast,32768,32,0.017358
MPI_Bcast,32768,32,0.005272
custom_bcast,32768,32,0.011778
MPI_Bcast,32768,32,0.005894
custom_bcast,32768,32,0.008933
MPI_Bcast,32768,32,0.014908
custom_bcast,32768,32,0.016162
MPI_Bcast,32768,32,0.00437
custom_bcast,32768,32,0.010872
MPI_Bcast,32768,32,0.006498
custom_bcast,32768,32,0.012764
MPI_Bcast,32768,32,0.007241
custom_bcast,32768,32,0.011658
MPI_Bcast,32768,32,0.003323
custom_bcast,32768,32,0.013531
MPI_Bcast,32768,32,0.012505
custom_bcast,32768,32,0.015739
MPI_Bcast,32768,32,0.005916
custom_bcast,32768,32,0.013836
MPI_Bcast,32768,32,0.008125
custom_bcast,32768,32,0.009089
MPI_Bcast,32768,32,0.004279
custom_bcast,32768,32,0.014711
MPI_Bcast,32768,32,0.004433
custom_bcast,32768,32,0.026415
MPI_Bcast,32768,32,0.004843
custom_bcast,32768,32,0.016112
MPI_Bcast,32768,32,0.00334
custom_bcast,32768,32,0.036281
MPI_Bcast,32768,32,0.002769
custom_bcast,32768,32,0.017368
MPI_Bcast,32768,32,0.007241
custom_bcast,32768,32,0.012022
MPI_Bcast,32768,32,0.005365
custom_bcast,32768,32,0.011901
MPI_Bcast,32768,32,0.004183
custom_bcast,32768,32,0.011905
MPI_Bcast,32768,32,0.005681
custom_bcast,32768,32,0.013585
MPI_Bcast,32768,32,0.004536
custom_bcast,32768,32,0.010898
MPI_Bcast,32768,32,0.005364
custom_bcast,32768,32,0.01089
MPI_Bcast,32768,32,0.006218
custom_bcast,32768,32,0.012544
MPI_Bcast,32768,32,0.03483
custom_bcast,32768,32,0.023476
MPI_Bcast,32768,32,0.004951
custom_bcast,32768,32,0.010592
MPI_Bcast,32768,32,0.002978
custom_bcast,32768,32,0.017841
MPI_Bcast,32768,32,0.004911
custom_bcast,32768,32,0.010973
MPI_Bcast,32768,32,0.013291
custom_bcast,32768,32,0.013711
MPI_Bcast,65536,1,1e-06
custom_bcast,65536,1,1e-06
MPI_Bcast,65536,1,1e-06
custom_bcast,65536,1,6e-06
MPI_Bcast,65536,1,1e-06
custom_bcast,65536,1,1e-06
MPI_Bcast,65536,1,1e-06
custom_bcast,65536,1,1e-06
MPI_Bcast,65536,1,1e-06
custom_bcast,65536,1,1e-06
MPI_Bcast,65536,1,1e-06
custom_bcast,65536,1,1e-06
MPI_Bcast,65536,1,1e-06
custom_bcast,65536,1,1e-06
MPI_Bcast,65536,1,1e-06
custom_bcast,65536,1,1e-06
MPI_Bcast,65536,1,1e-06
custom_bcast,65536,1,1e-06
MPI_Bcast,65536,1,1e-06
custom_bcast,65536,1,1e-06
MPI_Bcast,65536,1,1e-06
custom_bcast,65536,1,1e-06
MPI_Bcast,65536,1,1e-06
custom_bcast,65536,1,1e-06
MPI_Bcast,65536,1,1e-06
custom_bcast,65536,1,4e-06
MPI_Bcast,65536,1,1e-06
custom_bcast,65536,1,7e-06
MPI_Bcast,65536,1,1e-06
custom_bcast,65536,1,1e-06
MPI_Bcast,65536,1,1e-06
custom_bcast,65536,1,1e-06
MPI_Bcast,65536,1,1e-06
custom_bcast,65536,1,1e-06
MPI_Bcast,65536,1,1e-06
custom_bcast,65536,1,1e-06
MPI_Bcast,65536,1,1e-06
custom_bcast,65536,1,1e-06
MPI_Bcast,65536,1,1e-06
custom_bcast,65536,1,1e-06
MPI_Bcast,65536,1,1e-06
custom_bcast,65536,1,1e-06
MPI_Bcast,65536,1,1e-06
custom_bcast,65536,1,1e-06
MPI_Bcast,65536,1,1e-06
custom_bcast,65536,1,1e-06
MPI_Bcast,65536,1,1e-06
custom_bcast,65536,1,1e-06
MPI_Bcast,65536,1,1e-06
custom_bcast,65536,1,1e-06
MPI_Bcast,65536,1,1e-06
custom_bcast,65536,1,1e-06
MPI_Bcast,65536,1,1e-06
custom_bcast,65536,1,1e-06
MPI_Bcast,65536,1,1e-06
custom_bcast,65536,1,1e-06
MPI_Bcast,65536,1,1e-06
custom_bcast,65536,1,1e-06
MPI_Bcast,65536,1,1e-06
custom_bcast,65536,1,1e-06
MPI_Bcast,65536,2,0.000214
custom_bcast,65536,2,0.0002
MPI_Bcast,65536,2,0.000291
custom_bcast,65536,2,0.000201
MPI_Bcast,65536,2,0.000196
custom_bcast,65536,2,0.000191
MPI_Bcast,65536,2,0.000196
custom_bcast,65536,2,0.000205
MPI_Bcast,65536,2,0.000194
custom_bcast,65536,2,0.000295
MPI_Bcast,65536,2,0.000201
custom_bcast,65536,2,0.000199
MPI_Bcast,65536,2,0.000199
custom_bcast,65536,2,0.0002
MPI_Bcast,65536,2,0.000209
custom_bcast,65536,2,0.000189
MPI_Bcast,65536,2,0.000252
custom_bcast,65536,2,0.000308
MPI_Bcast,65536,2,0.000193
custom_bcast,65536,2,0.00019
MPI_Bcast,65536,2,0.000267
custom_bcast,65536,2,0.000189
MPI_Bcast,65536,2,0.000267
custom_bcast,65536,2,0.000211
MPI_Bcast,65536,2,0.000235
custom_bcast,65536,2,0.00022
MPI_Bcast,65536,2,0.000193
custom_bcast,65536,2,0.000597
MPI_Bcast,65536,2,0.000194
custom_bcast,65536,2,0.000198
MPI_Bcast,65536,2,0.000192
custom_bcast,65536,2,0.000203
MPI_Bcast,65536,2,0.000201
custom_bcast,65536,2,0.000195
MPI_Bcast,65536,2,0.000215
custom_bcast,65536,2,0.000211
MPI_Bcast,65536,2,0.00019
custom_bcast,65536,2,0.000203
MPI_Bcast,65536,2,0.000293
custom_bcast,65536,2,0.000189
MPI_Bcast,65536,2,0.000248
custom_bcast,65536,2,0.000183
MPI_Bcast,65536,2,0.000193
custom_bcast,65536,2,0.000204
MPI_Bcast,65536,2,0.000205
custom_bcast,65536,2,0.00025
MPI_Bcast,65536,2,0.000191
custom_bcast,65536,2,0.000185
MPI_Bcast,65536,2,0.000299
custom_bcast,65536,2,0.000194
MPI_Bcast,65536,2,0.000203
custom_bcast,65536,2,0.000294
MPI_Bcast,65536,2,0.000189
custom_bcast,65536,2,0.000824
MPI_Bcast,65536,2,0.000213
custom_bcast,65536,2,0.00021
MPI_Bcast,65536,2,0.000315
custom_bcast,65536,2,0.000181
MPI_Bcast,65536,2,0.000305
custom_bcast,65536,2,0.000193
MPI_Bcast,65536,4,0.000362
custom_bcast,65536,4,0.000757
MPI_Bcast,65536,4,0.000518
custom_bcast,65536,4,0.000871
MPI_Bcast,65536,4,0.000371
custom_bcast,65536,4,0.000775
MPI_Bcast,65536,4,0.001093
custom_bcast,65536,4,0.000746
MPI_Bcast,65536,4,0.000358
custom_bcast,65536,4,0.017601
MPI_Bcast,65536,4,0.000363
custom_bcast,65536,4,0.001361
MPI_Bcast,65536,4,0.000357
custom_bcast,65536,4,0.000754
MPI_Bcast,65536,4,0.005306
custom_bcast,65536,4,0.001273
MPI_Bcast,65536,4,0.002861
custom_bcast,65536,4,0.001262
MPI_Bcast,65536,4,0.000372
custom_bcast,65536,4,0.000771
MPI_Bcast,65536,4,0.000623
custom_bcast,65536,4,0.000763
MPI_Bcast,65536,4,0.000365
custom_bcast,65536,4,0.006263
MPI_Bcast,65536,4,0.000351
custom_bcast,65536,4,0.000761
MPI_Bcast,65536,4,0.00061
custom_bcast,65536,4,0.000776
MPI_Bcast,65536,4,0.000354
custom_bcast,65536,4,0.000779
MPI_Bcast,65536,4,0.000687
custom_bcast,65536,4,0.000752
MPI_Bcast,65536,4,0.004503
custom_bcast,65536,4,0.000766
MPI_Bcast,65536,4,0.000627
custom_bcast,65536,4,0.002055
MPI_Bcast,65536,4,0.001233
custom_bcast,65536,4,0.000934
MPI_Bcast,65536,4,0.000759
custom_bcast,65536,4,0.000884
MPI_Bcast,65536,4,0.000355
custom_bcast,65536,4,0.001235
MPI_Bcast,65536,4,0.000599
custom_bcast,65536,4,0.000769
MPI_Bcast,65536,4,0.000356
custom_bcast,65536,4,0.000793
MPI_Bcast,65536,4,0.00061
custom_bcast,65536,4,0.003883
MPI_Bcast,65536,4,0.000503
custom_bcast,65536,4,0.001049
MPI_Bcast,65536,4,0.000414
custom_bcast,65536,4,0.00084
MPI_Bcast,65536,4,0.000356
custom_bcast,65536,4,0.000768
MPI_Bcast,65536,4,0.00574
custom_bcast,65536,4,0.000856
MPI_Bcast,65536,4,0.00055
custom_bcast,65536,4,0.001409
MPI_Bcast,65536,4,0.000356
custom_bcast,65536,4,0.000858
MPI_Bcast,65536,8,0.00128
custom_bcast,65536,8,0.008264
MPI_Bcast,65536,8,0.002219
custom_bcast,65536,8,0.002485
MPI_Bcast,65536,8,0.001193
custom_bcast,65536,8,0.002154
MPI_Bcast,65536,8,0.001704
custom_bcast,65536,8,0.002172
MPI_Bcast,65536,8,0.001356
custom_bcast,65536,8,0.002103
MPI_Bcast,65536,8,0.001084
custom_bcast,65536,8,0.002865
MPI_Bcast,65536,8,0.001185
custom_bcast,65536,8,0.015411
MPI_Bcast,65536,8,0.001976
custom_bcast,65536,8,0.009591
MPI_Bcast,65536,8,0.001301
custom_bcast,65536,8,0.002501
MPI_Bcast,65536,8,0.012645
custom_bcast,65536,8,0.002106
MPI_Bcast,65536,8,0.005353
custom_bcast,65536,8,0.00221
MPI_Bcast,65536,8,0.001094
custom_bcast,65536,8,0.002406
MPI_Bcast,65536,8,0.001141
custom_bcast,65536,8,0.002385
MPI_Bcast,65536,8,0.00125
custom_bcast,65536,8,0.004317
MPI_Bcast,65536,8,0.006668
custom_bcast,65536,8,0.002283
MPI_Bcast,65536,8,0.001105
custom_bcast,65536,8,0.002446
MPI_Bcast,65536,8,0.008446
custom_bcast,65536,8,0.002421
MPI_Bcast,65536,8,0.001248
custom_bcast,65536,8,0.002008
MPI_Bcast,65536,8,0.001408
custom_bcast,65536,8,0.004078
MPI_Bcast,65536,8,0.001007
custom_bcast,65536,8,0.002503
MPI_Bcast,65536,8,0.006784
custom_bcast,65536,8,0.014375
MPI_Bcast,65536,8,0.001266
custom_bcast,65536,8,0.006804
MPI_Bcast,65536,8,0.00107
custom_bcast,65536,8,0.002426
MPI_Bcast,65536,8,0.00082
custom_bcast,65536,8,0.003754
MPI_Bcast,65536,8,0.000777
custom_bcast,65536,8,0.003478
MPI_Bcast,65536,8,0.011961
custom_bcast,65536,8,0.002332
MPI_Bcast,65536,8,0.0018
custom_bcast,65536,8,0.002431
MPI_Bcast,65536,8,0.001245
custom_bcast,65536,8,0.003036
MPI_Bcast,65536,8,0.020223
custom_bcast,65536,8,0.002348
MPI_Bcast,65536,8,0.00109
custom_bcast,65536,8,0.002235
MPI_Bcast,65536,16,0.00282
custom_bcast,65536,16,0.009638
MPI_Bcast,65536,16,0.003286
custom_bcast,65536,16,0.005477
MPI_Bcast,65536,16,0.002202
custom_bcast,65536,16,0.004779
MPI_Bcast,65536,16,0.003375
custom_bcast,65536,16,0.004767
MPI_Bcast,65536,16,0.002639
custom_bcast,65536,16,0.005205
MPI_Bcast,65536,16,0.027386
custom_bcast,65536,16,0.008011
MPI_Bcast,65536,16,0.003646
custom_bcast,65536,16,0.005291
MPI_Bcast,65536,16,0.006896
custom_bcast,65536,16,0.006389
MPI_Bcast,65536,16,0.004053
custom_bcast,65536,16,0.009908
MPI_Bcast,65536,16,0.012279
custom_bcast,65536,16,0.007858
MPI_Bcast,65536,16,0.002917
custom_bcast,65536,16,0.008289
MPI_Bcast,65536,16,0.005325
custom_bcast,65536,16,0.004971
MPI_Bcast,65536,16,0.002727
custom_bcast,65536,16,0.013836
MPI_Bcast,65536,16,0.003549
custom_bcast,65536,16,0.013151
MPI_Bcast,65536,16,0.002617
custom_bcast,65536,16,0.011816
MPI_Bcast,65536,16,0.00808
custom_bcast,65536,16,0.006454
MPI_Bcast,65536,16,0.002144
custom_bcast,65536,16,0.005343
MPI_Bcast,65536,16,0.003261
custom_bcast,65536,16,0.01796
MPI_Bcast,65536,16,0.007695
custom_bcast,65536,16,0.00504
MPI_Bcast,65536,16,0.023313
custom_bcast,65536,16,0.006389
MPI_Bcast,65536,16,0.011756
custom_bcast,65536,16,0.011306
MPI_Bcast,65536,16,0.002497
custom_bcast,65536,16,0.01115
MPI_Bcast,65536,16,0.004226
custom_bcast,65536,16,0.005527
MPI_Bcast,65536,16,0.002851
custom_bcast,65536,16,0.009689
MPI_Bcast,65536,16,0.00432
custom_bcast,65536,16,0.006652
MPI_Bcast,65536,16,0.004337
custom_bcast,65536,16,0.006637
MPI_Bcast,65536,16,0.002898
custom_bcast,65536,16,0.005058
MPI_Bcast,65536,16,0.003502
custom_bcast,65536,16,0.006762
MPI_Bcast,65536,16,0.003129
custom_bcast,65536,16,0.011639
MPI_Bcast,65536,16,0.008119
custom_bcast,65536,16,0.008508
MPI_Bcast,65536,32,0.014081
custom_bcast,65536,32,0.035285
MPI_Bcast,65536,32,0.004911
custom_bcast,65536,32,0.027227
MPI_Bcast,65536,32,0.006289
custom_bcast,65536,32,0.014629
MPI_Bcast,65536,32,0.01246
custom_bcast,65536,32,0.031385
MPI_Bcast,65536,32,0.004574
custom_bcast,65536,32,0.01859
MPI_Bcast,65536,32,0.008666
custom_bcast,65536,32,0.035582
MPI_Bcast,65536,32,0.011501
custom_bcast,65536,32,0.030175
MPI_Bcast,65536,32,0.019007
custom_bcast,65536,32,0.020672
MPI_Bcast,65536,32,0.007279
custom_bcast,65536,32,0.032305
MPI_Bcast,65536,32,0.006637
custom_bcast,65536,32,0.019355
MPI_Bcast,65536,32,0.014133
custom_bcast,65536,32,0.026657
MPI_Bcast,65536,32,0.004742
custom_bcast,65536,32,0.022358
MPI_Bcast,65536,32,0.00493
custom_bcast,65536,32,0.019596
MPI_Bcast,65536,32,0.008692
custom_bcast,65536,32,0.020122
MPI_Bcast,65536,32,0.010185
custom_bcast,65536,32,0.016057
MPI_Bcast,65536,32,0.01375
custom_bcast,65536,32,0.013964
MPI_Bcast,65536,32,0.005376
custom_bcast,65536,32,0.020503
MPI_Bcast,65536,32,0.011697
custom_bcast,65536,32,0.012999
MPI_Bcast,65536,32,0.016475
custom_bcast,65536,32,0.017691
MPI_Bcast,65536,32,0.008333
custom_bcast,65536,32,0.013566
MPI_Bcast,65536,32,0.005984
custom_bcast,65536,32,0.016933
MPI_Bcast,65536,32,0.005215
custom_bcast,65536,32,0.014758
MPI_Bcast,65536,32,0.006669
custom_bcast,65536,32,0.028167
MPI_Bcast,65536,32,0.008407
custom_bcast,65536,32,0.017177
MPI_Bcast,65536,32,0.006131
custom_bcast,65536,32,0.021098
MPI_Bcast,65536,32,0.006703
custom_bcast,65536,32,0.025458
MPI_Bcast,65536,32,0.007709
custom_bcast,65536,32,0.033042
MPI_Bcast,65536,32,0.012434
custom_bcast,65536,32,0.015547
MPI_Bcast,65536,32,0.006752
custom_bcast,65536,32,0.016042
MPI_Bcast,65536,32,0.006338
custom_bcast,65536,32,0.012983
MPI_Bcast,131072,1,1e-06
custom_bcast,131072,1,1e-06
MPI_Bcast,131072,1,1e-06
custom_bcast,131072,1,1e-06
MPI_Bcast,131072,1,1e-06
custom_bcast,131072,1,1e-06
MPI_Bcast,131072,1,1e-06
custom_bcast,131072,1,1e-06
MPI_Bcast,131072,1,1e-06
custom_bcast,131072,1,1e-06
MPI_Bcast,131072,1,1e-06
custom_bcast,131072,1,1e-06
MPI_Bcast,131072,1,1e-06
custom_bcast,131072,1,1e-06
MPI_Bcast,131072,1,1e-06
custom_bcast,131072,1,1e-06
MPI_Bcast,131072,1,1e-06
custom_bcast,131072,1,1e-06
MPI_Bcast,131072,1,1e-06
custom_bcast,131072,1,1e-06
MPI_Bcast,131072,1,1e-06
custom_bcast,131072,1,1e-06
MPI_Bcast,131072,1,1e-06
custom_bcast,131072,1,1e-06
MPI_Bcast,131072,1,1e-06
custom_bcast,131072,1,1e-06
MPI_Bcast,131072,1,1e-06
custom_bcast,131072,1,1e-06
MPI_Bcast,131072,1,1e-06
custom_bcast,131072,1,1e-06
MPI_Bcast,131072,1,1e-06
custom_bcast,131072,1,1e-06
MPI_Bcast,131072,1,1e-06
custom_bcast,131072,1,1e-06
MPI_Bcast,131072,1,1e-06
custom_bcast,131072,1,1e-06
MPI_Bcast,131072,1,1e-06
custom_bcast,131072,1,1e-06
MPI_Bcast,131072,1,1e-06
custom_bcast,131072,1,1e-06
MPI_Bcast,131072,1,1e-06
custom_bcast,131072,1,1e-06
MPI_Bcast,131072,1,1e-06
custom_bcast,131072,1,1e-06
MPI_Bcast,131072,1,1e-06
custom_bcast,131072,1,1e-06
MPI_Bcast,131072,1,1e-06
custom_bcast,131072,1,1e-06
MPI_Bcast,131072,1,1e-06
custom_bcast,131072,1,1e-06
MPI_Bcast,131072,1,1e-06
custom_bcast,131072,1,1e-06
MPI_Bcast,131072,1,1e-06
custom_bcast,131072,1,1e-06
MPI_Bcast,131072,1,1e-06
custom_bcast,131072,1,1e-06
MPI_Bcast,131072,1,1e-06
custom_bcast,131072,1,1e-06
MPI_Bcast,131072,1,1e-06
custom_bcast,131072,1,1e-06
MPI_Bcast,131072,2,0.000353
custom_bcast,131072,2,0.000347
MPI_Bcast,131072,2,0.000574
custom_bcast,131072,2,0.000328
MPI_Bcast,131072,2,0.000354
custom_bcast,131072,2,0.000429
MPI_Bcast,131072,2,0.000552
custom_bcast,131072,2,0.000521
MPI_Bcast,131072,2,0.000345
custom_bcast,131072,2,0.00032
MPI_Bcast,131072,2,0.000467
custom_bcast,131072,2,0.000329
MPI_Bcast,131072,2,0.000416
custom_bcast,131072,2,0.00032
MPI_Bcast,131072,2,0.000463
custom_bcast,131072,2,0.000406
MPI_Bcast,131072,2,0.000363
custom_bcast,131072,2,0.000337
MPI_Bcast,131072,2,0.000326
custom_bcast,131072,2,0.000463
MPI_Bcast,131072,2,0.000535
custom_bcast,131072,2,0.000501
MPI_Bcast,131072,2,0.000637
custom_bcast,131072,2,0.000435
MPI_Bcast,131072,2,0.000357
custom_bcast,131072,2,0.000338
MPI_Bcast,131072,2,0.000363
custom_bcast,131072,2,0.000448
MPI_Bcast,131072,2,0.000327
custom_bcast,131072,2,0.000328
MPI_Bcast,131072,2,0.000517
custom_bcast,131072,2,0.00042
MPI_Bcast,131072,2,0.000488
custom_bcast,131072,2,0.000335
MPI_Bcast,131072,2,0.000376
custom_bcast,131072,2,0.000363
MPI_Bcast,131072,2,0.000375
custom_bcast,131072,2,0.000357
MPI_Bcast,131072,2,0.000334
custom_bcast,131072,2,0.000355
MPI_Bcast,131072,2,0.000416
custom_bcast,131072,2,0.000347
MPI_Bcast,131072,2,0.000373
custom_bcast,131072,2,0.000319
MPI_Bcast,131072,2,0.000344
custom_bcast,131072,2,0.000324
MPI_Bcast,131072,2,0.000358
custom_bcast,131072,2,0.00037
MPI_Bcast,131072,2,0.000405
custom_bcast,131072,2,0.000329
MPI_Bcast,131072,2,0.000327
custom_bcast,131072,2,0.000409
MPI_Bcast,131072,2,0.000339
custom_bcast,131072,2,0.000345
MPI_Bcast,131072,2,0.000374
custom_bcast,131072,2,0.000363
MPI_Bcast,131072,2,0.000457
custom_bcast,131072,2,0.000519
MPI_Bcast,131072,2,0.000403
custom_bcast,131072,2,0.000355
MPI_Bcast,131072,4,0.005905
custom_bcast,131072,4,0.001573
MPI_Bcast,131072,4,0.000687
custom_bcast,131072,4,0.001393
MPI_Bcast,131072,4,0.002944
custom_bcast,131072,4,0.001392
MPI_Bcast,131072,4,0.000654
custom_bcast,131072,4,0.001499
MPI_Bcast,131072,4,0.001509
custom_bcast,131072,4,0.001437
MPI_Bcast,131072,4,0.001318
custom_bcast,131072,4,0.001576
MPI_Bcast,131072,4,0.000647
custom_bcast,131072,4,0.001665
MPI_Bcast,131072,4,0.001166
custom_bcast,131072,4,0.002245
MPI_Bcast,131072,4,0.002482
custom_bcast,131072,4,0.002457
MPI_Bcast,131072,4,0.000761
custom_bcast,131072,4,0.001494
MPI_Bcast,131072,4,0.000723
custom_bcast,131072,4,0.001449
MPI_Bcast,131072,4,0.000641
custom_bcast,131072,4,0.001406
MPI_Bcast,131072,4,0.001143
custom_bcast,131072,4,0.00283
MPI_Bcast,131072,4,0.00067
custom_bcast,131072,4,0.001535
MPI_Bcast,131072,4,0.001097
custom_bcast,131072,4,0.020567
MPI_Bcast,131072,4,0.000637
custom_bcast,131072,4,0.00268
MPI_Bcast,131072,4,0.001067
custom_bcast,131072,4,0.001411
MPI_Bcast,131072,4,0.00599
custom_bcast,131072,4,0.001422
MPI_Bcast,131072,4,0.001351
custom_bcast,131072,4,0.0014
MPI_Bcast,131072,4,0.000702
custom_bcast,131072,4,0.001432
MPI_Bcast,131072,4,0.000654
custom_bcast,131072,4,0.001385
MPI_Bcast,131072,4,0.00123
custom_bcast,131072,4,0.00143
MPI_Bcast,131072,4,0.000881
custom_bcast,131072,4,0.00172
MPI_Bcast,131072,4,0.000649
custom_bcast,131072,4,0.001478
MPI_Bcast,131072,4,0.001132
custom_bcast,131072,4,0.002406
MPI_Bcast,131072,4,0.000665
custom_bcast,131072,4,0.001322
MPI_Bcast,131072,4,0.001117
custom_bcast,131072,4,0.001368
MPI_Bcast,131072,4,0.001474
custom_bcast,131072,4,0.001391
MPI_Bcast,131072,4,0.00116
custom_bcast,131072,4,0.001573
MPI_Bcast,131072,4,0.000668
custom_bcast,131072,4,0.013025
MPI_Bcast,131072,8,0.001971
custom_bcast,131072,8,0.01984
MPI_Bcast,131072,8,0.002742
custom_bcast,131072,8,0.005233
MPI_Bcast,131072,8,0.002191
custom_bcast,131072,8,0.00571
MPI_Bcast,131072,8,0.002205
custom_bcast,131072,8,0.005314
MPI_Bcast,131072,8,0.004015
custom_bcast,131072,8,0.004025
MPI_Bcast,131072,8,0.006314
custom_bcast,131072,8,0.003802
MPI_Bcast,131072,8,0.004976
custom_bcast,131072,8,0.004249
MPI_Bcast,131072,8,0.004486
custom_bcast,131072,8,0.003853
MPI_Bcast,131072,8,0.007956
custom_bcast,131072,8,0.004187
MPI_Bcast,131072,8,0.00186
custom_bcast,131072,8,0.011657
MPI_Bcast,131072,8,0.001729
custom_bcast,131072,8,0.00436
MPI_Bcast,131072,8,0.014568
custom_bcast,131072,8,0.004284
MPI_Bcast,131072,8,0.005937
custom_bcast,131072,8,0.004813
MPI_Bcast,131072,8,0.002203
custom_bcast,131072,8,0.005234
MPI_Bcast,131072,8,0.002063
custom_bcast,131072,8,0.003869
MPI_Bcast,131072,8,0.002835
custom_bcast,131072,8,0.004671
MPI_Bcast,131072,8,0.015296
custom_bcast,131072,8,0.008962
MPI_Bcast,131072,8,0.011663
custom_bcast,131072,8,0.006154
MPI_Bcast,131072,8,0.002168
custom_bcast,131072,8,0.003637
MPI_Bcast,131072,8,0.002362
custom_bcast,131072,8,0.004114
MPI_Bcast,131072,8,0.002331
custom_bcast,131072,8,0.004297
MPI_Bcast,131072,8,0.003796
custom_bcast,131072,8,0.012546
MPI_Bcast,131072,8,0.002021
custom_bcast,131072,8,0.004053
MPI_Bcast,131072,8,0.003209
custom_bcast,131072,8,0.003594
MPI_Bcast,131072,8,0.007679
custom_bcast,131072,8,0.007455
MPI_Bcast,131072,8,0.001817
custom_bcast,131072,8,0.004858
MPI_Bcast,131072,8,0.009896
custom_bcast,131072,8,0.004793
MPI_Bcast,131072,8,0.0024
custom_bcast,131072,8,0.004147
MPI_Bcast,131072,8,0.004909
custom_bcast,131072,8,0.004753
MPI_Bcast,131072,8,0.001883
custom_bcast,131072,8,0.004659
MPI_Bcast,131072,16,0.008691
custom_bcast,131072,16,0.01528
MPI_Bcast,131072,16,0.005345
custom_bcast,131072,16,0.008816
MPI_Bcast,131072,16,0.015948
custom_bcast,131072,16,0.014915
MPI_Bcast,131072,16,0.004919
custom_bcast,131072,16,0.015384
MPI_Bcast,131072,16,0.012348
custom_bcast,131072,16,0.011497
MPI_Bcast,131072,16,0.013887
custom_bcast,131072,16,0.025525
MPI_Bcast,131072,16,0.008536
custom_bcast,131072,16,0.015948
MPI_Bcast,131072,16,0.005524
custom_bcast,131072,16,0.043467
MPI_Bcast,131072,16,0.006547
custom_bcast,131072,16,0.009308
MPI_Bcast,131072,16,0.005889
custom_bcast,131072,16,0.013483
MPI_Bcast,131072,16,0.005636
custom_bcast,131072,16,0.026174
MPI_Bcast,131072,16,0.017157
custom_bcast,131072,16,0.031435
MPI_Bcast,131072,16,0.005254
custom_bcast,131072,16,0.009222
MPI_Bcast,131072,16,0.006177
custom_bcast,131072,16,0.016309
MPI_Bcast,131072,16,0.006195
custom_bcast,131072,16,0.033492
MPI_Bcast,131072,16,0.005735
custom_bcast,131072,16,0.010003
MPI_Bcast,131072,16,0.007256
custom_bcast,131072,16,0.01478
MPI_Bcast,131072,16,0.007357
custom_bcast,131072,16,0.034294
MPI_Bcast,131072,16,0.017211
custom_bcast,131072,16,0.024089
MPI_Bcast,131072,16,0.003878
custom_bcast,131072,16,0.011284
MPI_Bcast,131072,16,0.007473
custom_bcast,131072,16,0.011684
MPI_Bcast,131072,16,0.006035
custom_bcast,131072,16,0.015719
MPI_Bcast,131072,16,0.006139
custom_bcast,131072,16,0.012692
MPI_Bcast,131072,16,0.009448
custom_bcast,131072,16,0.016179
MPI_Bcast,131072,16,0.004849
custom_bcast,131072,16,0.014251
MPI_Bcast,131072,16,0.00802
custom_bcast,131072,16,0.024202
MPI_Bcast,131072,16,0.032917
custom_bcast,131072,16,0.030548
MPI_Bcast,131072,16,0.008138
custom_bcast,131072,16,0.013833
MPI_Bcast,131072,16,0.009781
custom_bcast,131072,16,0.015334
MPI_Bcast,131072,16,0.0083
custom_bcast,131072,16,0.010399
MPI_Bcast,131072,32,0.012322
custom_bcast,131072,32,0.047697
MPI_Bcast,131072,32,0.013974
custom_bcast,131072,32,0.038335
MPI_Bcast,131072,32,0.008661
custom_bcast,131072,32,0.037412
MPI_Bcast,131072,32,0.016949
custom_bcast,131072,32,0.033717
MPI_Bcast,131072,32,0.01011
custom_bcast,131072,32,0.038053
MPI_Bcast,131072,32,0.015907
custom_bcast,131072,32,0.030094
MPI_Bcast,131072,32,0.010868
custom_bcast,131072,32,0.028991
MPI_Bcast,131072,32,0.012211
custom_bcast,131072,32,0.032536
MPI_Bcast,131072,32,0.012196
custom_bcast,131072,32,0.029371
MPI_Bcast,131072,32,0.01321
custom_bcast,131072,32,0.029441
MPI_Bcast,131072,32,0.014777
custom_bcast,131072,32,0.02777
MPI_Bcast,131072,32,0.028088
custom_bcast,131072,32,0.03816
MPI_Bcast,131072,32,0.016572
custom_bcast,131072,32,0.037245
MPI_Bcast,131072,32,0.017737
custom_bcast,131072,32,0.034083
MPI_Bcast,131072,32,0.011204
custom_bcast,131072,32,0.035828
MPI_Bcast,131072,32,0.010266
custom_bcast,131072,32,0.02813
MPI_Bcast,131072,32,0.01464
custom_bcast,131072,32,0.030469
MPI_Bcast,131072,32,0.018364
custom_bcast,131072,32,0.031543
MPI_Bcast,131072,32,0.016525
custom_bcast,131072,32,0.036288
MPI_Bcast,131072,32,0.011182
custom_bcast,131072,32,0.027465
MPI_Bcast,131072,32,0.009062
custom_bcast,131072,32,0.035284
MPI_Bcast,131072,32,0.018016
custom_bcast,131072,32,0.034463
MPI_Bcast,131072,32,0.009201
custom_bcast,131072,32,0.022527
MPI_Bcast,131072,32,0.019183
custom_bcast,131072,32,0.027594
MPI_Bcast,131072,32,0.00805
custom_bcast,131072,32,0.032808
MPI_Bcast,131072,32,0.014386
custom_bcast,131072,32,0.026291
MPI_Bcast,131072,32,0.013148
custom_bcast,131072,32,0.02795
MPI_Bcast,131072,32,0.020603
custom_bcast,131072,32,0.027812
MPI_Bcast,131072,32,0.013325
custom_bcast,131072,32,0.028516
MPI_Bcast,131072,32,0.015763
custom_bcast,131072,32,0.024502
